T1,T2,T3
-9.999999999999982,-9.999999999999945,-9.999999999999945
-9.999999999999984,-9.999999999999941,-4.999999999999954
-10.000000000000023,-9.999999999999961,2.873724700428213e-14
-9.999999999999977,-9.999999999999957,5.000000000000053
-9.999999999999995,-9.999999999999957,10.000000000000039
-10.000000000000023,-9.99999999999998,15.000000000000037
-10.000000000000009,-9.999999999999988,20.00000000000003
-10.0,-9.999999999999973,25.000000000000064
-9.99999999999999,-9.999999999999973,30.000000000000043
-9.999999999999986,-9.999999999999956,35.00000000000004
-10.000000000000005,-9.99999999999999,40.00000000000004
-10.000000000000005,-9.999999999999996,45.00000000000002
-9.999999999999984,-4.999999999999954,-9.999999999999941
-9.999999999999988,-4.999999999999948,-4.999999999999948
-10.000000000000005,-4.999999999999966,2.873724700428213e-14
-9.999999999999982,-4.999999999999948,5.000000000000053
-9.999999999999993,-4.999999999999973,10.000000000000052
-10.000000000000036,-4.9999999999999964,15.000000000000005
-9.999999999999995,-4.999999999999977,20.000000000000036
-9.99999999999999,-4.999999999999962,25.000000000000057
-9.999999999999995,-4.999999999999984,30.000000000000036
-9.99999999999998,-4.999999999999957,35.00000000000004
-10.000000000000009,-4.9999999999999964,40.00000000000003
-9.999999999999973,-4.999999999999952,45.00000000000005
-10.000000000000023,2.873724700428213e-14,-9.999999999999961
-10.000000000000005,2.873724700428213e-14,-4.999999999999966
-9.999999999999993,4.7895411673803544e-14,4.7895411673803544e-14
-10.000000000000032,1.9158164669521418e-14,5.000000000000016
-9.999999999999995,4.789541167380353e-14,10.000000000000052
-10.00000000000002,9.579082334760709e-15,15.000000000000023
-10.000000000000009,2.3947705836901772e-14,20.00000000000004
-9.999999999999995,2.8737247004282116e-14,25.000000000000043
-10.00000000000002,1.9158164669521425e-14,30.000000000000036
-10.00000000000002,9.579082334760709e-15,35.00000000000003
-10.00000000000002,7.184311751070532e-15,40.00000000000002
-9.999999999999973,3.592155875535266e-14,45.000000000000064
-9.999999999999977,5.000000000000053,-9.999999999999957
-9.999999999999982,5.000000000000053,-4.999999999999948
-10.000000000000032,5.000000000000016,1.9158164669521418e-14
-9.999999999999993,5.00000000000003,5.00000000000003
-9.99999999999998,5.000000000000044,10.000000000000055
-9.999999999999993,5.00000000000004,15.000000000000052
-9.999999999999964,5.000000000000062,20.00000000000006
-10.000000000000005,5.000000000000032,25.000000000000043
-10.000000000000005,5.0000000000000195,30.000000000000025
-9.99999999999999,5.000000000000024,35.000000000000036
-10.000000000000004,5.000000000000016,40.00000000000002
-10.000000000000012,5.000000000000004,45.00000000000003
-9.999999999999995,10.000000000000039,-9.999999999999957
-9.999999999999993,10.000000000000052,-4.999999999999973
-9.999999999999995,10.000000000000052,4.789541167380353e-14
-9.99999999999998,10.000000000000055,5.000000000000044
-9.999999999999986,10.000000000000039,10.000000000000039
-9.999999999999995,10.000000000000023,15.000000000000039
-10.000000000000005,10.000000000000036,20.00000000000004
-9.999999999999993,10.000000000000039,25.000000000000043
-9.999999999999995,10.00000000000003,30.00000000000003
-9.99999999999999,10.00000000000002,35.00000000000003
-9.999999999999996,10.00000000000001,40.00000000000002
-9.99999999999999,10.00000000000003,45.000000000000036
-10.000000000000023,15.000000000000037,-9.99999999999998
-10.000000000000036,15.000000000000005,-4.9999999999999964
-10.00000000000002,15.000000000000023,9.579082334760709e-15
-9.999999999999993,15.000000000000052,5.00000000000004
-9.999999999999995,15.000000000000039,10.000000000000023
-9.999999999999995,15.00000000000003,15.00000000000003
-10.000000000000004,15.000000000000036,20.00000000000003
-10.0,15.000000000000052,25.00000000000005
-10.000000000000014,15.000000000000018,30.000000000000004
-10.000000000000004,15.000000000000036,35.00000000000003
-10.000000000000007,15.000000000000036,40.00000000000002
-10.000000000000005,15.000000000000028,45.00000000000003
-10.000000000000009,20.00000000000003,-9.999999999999988
-9.999999999999995,20.000000000000036,-4.999999999999977
-10.000000000000009,20.00000000000004,2.3947705836901772e-14
-9.999999999999964,20.00000000000006,5.000000000000062
-10.000000000000005,20.00000000000004,10.000000000000036
-10.000000000000004,20.00000000000003,15.000000000000036
-9.999999999999964,20.00000000000006,20.00000000000006
-10.000000000000005,20.000000000000032,25.000000000000032
-10.0,20.00000000000002,30.000000000000014
-9.999999999999984,20.00000000000005,35.00000000000003
-9.999999999999995,20.00000000000002,40.00000000000002
-10.000000000000002,20.00000000000001,45.00000000000001
-10.0,25.000000000000064,-9.999999999999973
-9.99999999999999,25.000000000000057,-4.999999999999962
-9.999999999999995,25.000000000000043,2.8737247004282116e-14
-10.000000000000005,25.000000000000043,5.000000000000032
-9.999999999999993,25.000000000000043,10.000000000000039
-10.0,25.00000000000005,15.000000000000052
-10.000000000000005,25.000000000000032,20.000000000000032
-10.000000000000005,25.000000000000025,25.000000000000025
-9.999999999999995,25.000000000000043,30.000000000000025
-10.000000000000002,25.00000000000003,35.00000000000003
-10.000000000000004,25.00000000000004,40.00000000000002
-10.000000000000005,25.000000000000014,45.00000000000002
-9.99999999999999,30.000000000000043,-9.999999999999973
-9.999999999999995,30.000000000000036,-4.999999999999984
-10.00000000000002,30.000000000000036,1.9158164669521425e-14
-10.000000000000005,30.000000000000025,5.0000000000000195
-9.999999999999995,30.00000000000003,10.00000000000003
-10.000000000000014,30.000000000000004,15.000000000000018
-10.0,30.000000000000014,20.00000000000002
-9.999999999999995,30.000000000000025,25.000000000000043
-10.000000000000005,30.000000000000025,30.000000000000025
-9.999999999999998,30.000000000000004,35.00000000000003
-10.00000000000002,29.999999999999986,40.00000000000001
-9.999999999999973,30.000000000000014,45.00000000000003
-9.999999999999986,35.00000000000004,-9.999999999999956
-9.99999999999998,35.00000000000004,-4.999999999999957
-10.00000000000002,35.00000000000003,9.579082334760709e-15
-9.99999999999999,35.000000000000036,5.000000000000024
-9.99999999999999,35.00000000000003,10.00000000000002
-10.000000000000004,35.00000000000003,15.000000000000036
-9.999999999999984,35.00000000000003,20.00000000000005
-10.000000000000002,35.00000000000003,25.00000000000003
-9.999999999999998,35.00000000000003,30.000000000000004
-9.999999999999993,35.000000000000036,35.000000000000036
-10.000000000000014,35.00000000000003,40.00000000000001
-10.000000000000014,35.000000000000014,45.00000000000001
-10.000000000000005,40.00000000000004,-9.99999999999999
-10.000000000000009,40.00000000000003,-4.9999999999999964
-10.00000000000002,40.00000000000002,7.184311751070532e-15
-10.000000000000004,40.00000000000002,5.000000000000016
-9.999999999999996,40.00000000000002,10.00000000000001
-10.000000000000007,40.00000000000002,15.000000000000036
-9.999999999999995,40.00000000000002,20.00000000000002
-10.000000000000004,40.00000000000002,25.00000000000004
-10.00000000000002,40.00000000000001,29.999999999999986
-10.000000000000014,40.00000000000001,35.00000000000003
-9.999999999999995,40.00000000000004,40.00000000000004
-9.999999999999988,40.00000000000003,45.00000000000003
-10.000000000000005,45.00000000000002,-9.999999999999996
-9.999999999999973,45.00000000000005,-4.999999999999952
-9.999999999999973,45.000000000000064,3.592155875535266e-14
-10.000000000000012,45.00000000000003,5.000000000000004
-9.99999999999999,45.000000000000036,10.00000000000003
-10.000000000000005,45.00000000000003,15.000000000000028
-10.000000000000002,45.00000000000001,20.00000000000001
-10.000000000000005,45.00000000000002,25.000000000000014
-9.999999999999973,45.00000000000003,30.000000000000014
-10.000000000000014,45.00000000000001,35.000000000000014
-9.999999999999988,45.00000000000003,40.00000000000003
-9.99999999999999,45.00000000000003,45.00000000000003
-4.999999999999993,-9.999999999999941,-9.999999999999941
-5.000000000000008,-9.999999999999988,-4.999999999999982
-4.999999999999987,-9.999999999999954,6.226403517594461e-14
-5.00000000000002,-9.999999999999993,5.0000000000000195
-4.999999999999993,-9.999999999999957,10.000000000000039
-5.000000000000024,-9.99999999999999,15.000000000000005
-5.000000000000034,-10.000000000000016,20.00000000000002
-4.999999999999993,-9.999999999999973,25.000000000000057
-5.0000000000000515,-10.000000000000039,29.99999999999997
-4.999999999999998,-9.999999999999995,35.00000000000003
-4.999999999999993,-9.99999999999998,40.00000000000003
-4.99999999999997,-9.999999999999964,45.00000000000006
-5.000000000000008,-4.999999999999982,-9.999999999999988
-4.9999999999999964,-4.999999999999966,-4.999999999999966
-5.00000000000001,-4.999999999999977,2.3947705836901772e-14
-4.999999999999991,-4.999999999999962,5.000000000000044
-4.9999999999999964,-4.999999999999966,10.00000000000003
-5.000000000000002,-4.999999999999982,15.00000000000003
-4.999999999999991,-4.999999999999962,20.000000000000053
-4.999999999999991,-4.9999999999999645,25.000000000000043
-5.0000000000000195,-5.000000000000006,29.999999999999996
-4.9999999999999885,-4.999999999999972,35.000000000000036
-4.999999999999994,-4.999999999999986,40.000000000000036
-5.000000000000014,-5.000000000000004,45.00000000000001
-4.999999999999987,6.226403517594461e-14,-9.999999999999954
-5.00000000000001,2.3947705836901772e-14,-4.999999999999977
-4.9999999999999964,3.352678817166248e-14,3.352678817166248e-14
-5.000000000000004,2.3947705836901772e-14,5.000000000000028
-5.000000000000026,1.9158164669521418e-14,10.000000000000005
-4.999999999999991,2.873724700428213e-14,15.00000000000003
-5.000000000000006,4.7895411673803546e-15,20.00000000000003
-5.000000000000034,-1.9158164669521425e-14,25.00000000000001
-5.000000000000009,9.579082334760709e-15,30.000000000000004
-5.00000000000002,-2.3947705836901773e-15,35.00000000000003
-4.999999999999999,1.9158164669521418e-14,40.000000000000036
-4.999999999999978,3.1132017587972306e-14,45.00000000000003
-5.00000000000002,5.0000000000000195,-9.999999999999993
-4.999999999999991,5.000000000000044,-4.999999999999962
-5.000000000000004,5.000000000000028,2.3947705836901772e-14
-5.000000000000014,5.0000000000000115,5.0000000000000115
-5.00000000000001,5.000000000000024,10.000000000000025
-5.00000000000002,5.000000000000014,15.000000000000007
-4.999999999999995,5.00000000000003,20.000000000000036
-5.000000000000004,5.000000000000024,25.000000000000025
-5.000000000000008,5.00000000000001,30.000000000000014
-4.999999999999959,5.000000000000057,35.000000000000064
-5.00000000000002,4.999999999999986,40.00000000000001
-5.000000000000002,5.00000000000001,45.00000000000003
-4.999999999999993,10.000000000000039,-9.999999999999957
-4.9999999999999964,10.00000000000003,-4.999999999999966
-5.000000000000026,10.000000000000005,1.9158164669521418e-14
-5.00000000000001,10.000000000000025,5.000000000000024
-5.000000000000009,10.000000000000028,10.000000000000028
-5.000000000000024,10.0,15.000000000000005
-5.0000000000000195,10.00000000000001,20.000000000000007
-4.999999999999977,10.000000000000044,25.00000000000005
-5.0000000000000275,10.000000000000005,29.999999999999996
-4.999999999999984,10.000000000000014,35.00000000000003
-4.999999999999995,10.00000000000002,40.00000000000003
-4.999999999999998,10.000000000000009,45.00000000000002
-5.000000000000024,15.000000000000005,-9.99999999999999
-5.000000000000002,15.00000000000003,-4.999999999999982
-4.999999999999991,15.00000000000003,2.873724700428213e-14
-5.00000000000002,15.000000000000007,5.000000000000014
-5.000000000000024,15.000000000000005,10.0
-4.999999999999998,15.000000000000036,15.000000000000036
-5.000000000000004,15.000000000000014,20.000000000000018
-4.9999999999999964,15.000000000000028,25.000000000000032
-4.9999999999999885,15.000000000000037,30.00000000000003
-4.99999999999999,15.000000000000036,35.000000000000036
-4.9999999999999964,15.000000000000002,40.00000000000002
-5.000000000000003,15.000000000000007,45.00000000000001
-5.000000000000034,20.00000000000002,-10.000000000000016
-4.999999999999991,20.000000000000053,-4.999999999999962
-5.000000000000006,20.00000000000003,4.7895411673803546e-15
-4.999999999999995,20.000000000000036,5.00000000000003
-5.0000000000000195,20.000000000000007,10.00000000000001
-5.000000000000004,20.000000000000018,15.000000000000014
-5.000000000000009,20.000000000000018,20.000000000000018
-5.0000000000000115,20.000000000000007,25.00000000000001
-4.999999999999984,20.000000000000032,30.00000000000003
-5.000000000000003,20.000000000000014,35.00000000000003
-5.000000000000015,19.999999999999996,40.00000000000001
-5.000000000000024,19.999999999999986,45.0
-4.999999999999993,25.000000000000057,-9.999999999999973
-4.999999999999991,25.000000000000043,-4.9999999999999645
-5.000000000000034,25.00000000000001,-1.9158164669521425e-14
-5.000000000000004,25.000000000000025,5.000000000000024
-4.999999999999977,25.00000000000005,10.000000000000044
-4.9999999999999964,25.000000000000032,15.000000000000028
-5.0000000000000115,25.00000000000001,20.000000000000007
-4.999999999999979,25.000000000000043,25.000000000000043
-4.9999999999999964,25.00000000000004,30.000000000000014
-4.999999999999995,25.00000000000001,35.000000000000014
-5.0000000000000115,25.000000000000018,40.000000000000014
-4.999999999999994,25.000000000000014,45.00000000000001
-5.0000000000000515,29.99999999999997,-10.000000000000039
-5.0000000000000195,29.999999999999996,-5.000000000000006
-5.000000000000009,30.000000000000004,9.579082334760709e-15
-5.000000000000008,30.000000000000014,5.00000000000001
-5.0000000000000275,29.999999999999996,10.000000000000005
-4.9999999999999885,30.00000000000003,15.000000000000037
-4.999999999999984,30.00000000000003,20.000000000000032
-4.9999999999999964,30.000000000000014,25.00000000000004
-5.000000000000006,30.000000000000014,30.000000000000014
-5.000000000000003,30.000000000000004,35.000000000000014
-5.000000000000026,29.99999999999998,40.0
-4.999999999999986,30.000000000000025,45.00000000000003
-4.999999999999998,35.00000000000003,-9.999999999999995
-4.9999999999999885,35.000000000000036,-4.999999999999972
-5.00000000000002,35.00000000000003,-2.3947705836901773e-15
-4.999999999999959,35.000000000000064,5.000000000000057
-4.999999999999984,35.00000000000003,10.000000000000014
-4.99999999999999,35.000000000000036,15.000000000000036
-5.000000000000003,35.00000000000003,20.000000000000014
-4.999999999999995,35.000000000000014,25.00000000000001
-5.000000000000003,35.000000000000014,30.000000000000004
-5.0000000000000115,34.99999999999999,34.99999999999999
-4.999999999999976,35.000000000000036,40.00000000000004
-4.9999999999999964,35.00000000000003,45.00000000000001
-4.999999999999993,40.00000000000003,-9.99999999999998
-4.999999999999994,40.000000000000036,-4.999999999999986
-4.999999999999999,40.000000000000036,1.9158164669521418e-14
-5.00000000000002,40.00000000000001,4.999999999999986
-4.999999999999995,40.00000000000003,10.00000000000002
-4.9999999999999964,40.00000000000002,15.000000000000002
-5.000000000000015,40.00000000000001,19.999999999999996
-5.0000000000000115,40.000000000000014,25.000000000000018
-5.000000000000026,40.0,29.99999999999998
-4.999999999999976,40.00000000000004,35.000000000000036
-4.999999999999998,40.00000000000002,40.00000000000002
-4.999999999999993,40.00000000000002,45.00000000000002
-4.99999999999997,45.00000000000006,-9.999999999999964
-5.000000000000014,45.00000000000001,-5.000000000000004
-4.999999999999978,45.00000000000003,3.1132017587972306e-14
-5.000000000000002,45.00000000000003,5.00000000000001
-4.999999999999998,45.00000000000002,10.000000000000009
-5.000000000000003,45.00000000000001,15.000000000000007
-5.000000000000024,45.0,19.999999999999986
-4.999999999999994,45.00000000000001,25.000000000000014
-4.999999999999986,45.00000000000003,30.000000000000025
-4.9999999999999964,45.00000000000001,35.00000000000003
-4.999999999999993,45.00000000000002,40.00000000000002
-4.999999999999991,45.00000000000001,45.00000000000001
-1.9158164669521425e-14,-9.999999999999977,-9.999999999999977
1.4368623502141064e-14,-9.999999999999954,-4.999999999999941
9.579082334760709e-15,-9.999999999999957,2.873724700428214e-14
-0.0,-9.999999999999964,5.00000000000003
-9.579082334760709e-15,-9.999999999999998,10.000000000000036
-4.789541167380356e-15,-9.99999999999999,15.000000000000023
-0.0,-9.999999999999988,20.00000000000003
4.789541167380356e-15,-9.999999999999973,25.000000000000043
4.789541167380356e-15,-9.99999999999998,30.000000000000025
-4.7895411673803546e-15,-9.999999999999995,35.00000000000003
2.1552935253211595e-14,-9.999999999999973,40.000000000000036
-2.6342476420591952e-14,-10.00000000000001,45.00000000000001
1.4368623502141064e-14,-4.999999999999941,-9.999999999999954
-9.579082334760709e-15,-4.999999999999977,-4.999999999999977
-4.7895411673803546e-15,-4.999999999999977,2.8737247004282116e-14
-1.9158164669521418e-14,-4.999999999999965,5.00000000000003
4.789541167380353e-15,-4.9999999999999725,10.000000000000039
-4.789541167380356e-15,-4.999999999999974,15.00000000000003
1.9158164669521412e-14,-4.999999999999977,20.000000000000036
-4.789541167380353e-15,-5.000000000000002,25.00000000000004
-4.7895411673803546e-15,-5.0,30.000000000000004
-9.579082334760706e-15,-5.0000000000000036,35.00000000000003
-4.789541167380356e-15,-4.999999999999977,40.000000000000036
1.9158164669521418e-14,-4.999999999999959,45.00000000000003
9.579082334760709e-15,2.873724700428214e-14,-9.999999999999957
-4.7895411673803546e-15,2.8737247004282116e-14,-4.999999999999977
-4.7895411673803546e-15,2.873724700428213e-14,2.873724700428213e-14
-9.579082334760709e-15,1.9158164669521412e-14,5.000000000000016
-4.7895411673803546e-15,2.3947705836901772e-14,10.000000000000023
-0.0,9.579082334760709e-15,15.000000000000018
4.789541167380356e-15,3.352678817166248e-14,20.000000000000046
-9.579082334760709e-15,9.579082334760709e-15,25.000000000000025
1.1973852918450886e-14,3.592155875535267e-14,30.000000000000025
-0.0,1.1973852918450886e-14,35.00000000000004
-9.579082334760712e-15,4.789541167380356e-15,40.00000000000002
-2.3947705836901773e-15,-4.7895411673803546e-15,45.00000000000002
-0.0,5.00000000000003,-9.999999999999964
-1.9158164669521418e-14,5.00000000000003,-4.999999999999965
-9.579082334760709e-15,5.000000000000016,1.9158164669521412e-14
4.7895411673803546e-15,5.00000000000002,5.00000000000002
9.579082334760706e-15,5.000000000000018,10.000000000000044
1.436862350214107e-14,5.00000000000004,15.000000000000046
4.7895411673803546e-15,5.00000000000002,20.000000000000025
1.6763394085831235e-14,5.000000000000034,25.00000000000004
-2.3947705836901772e-14,4.999999999999991,29.999999999999996
-1.6763394085831248e-14,5.0,35.000000000000014
7.184311751070532e-15,5.000000000000012,40.00000000000002
1.4368623502141064e-14,5.000000000000035,45.000000000000036
-9.579082334760709e-15,10.000000000000036,-9.999999999999998
4.789541167380353e-15,10.000000000000039,-4.9999999999999725
-4.7895411673803546e-15,10.000000000000023,2.3947705836901772e-14
9.579082334760706e-15,10.000000000000044,5.000000000000018
1.4368623502141058e-14,10.000000000000023,10.000000000000023
-1.4368623502141064e-14,10.000000000000009,15.000000000000036
1.4368623502141064e-14,10.000000000000044,20.000000000000046
3.1132017587972306e-14,10.000000000000039,25.000000000000043
1.6763394085831235e-14,10.00000000000003,30.00000000000003
-1.676339408583124e-14,9.999999999999993,35.000000000000014
-1.6763394085831235e-14,10.0,40.000000000000014
-1.3171238210295976e-14,9.99999999999999,45.00000000000001
-4.789541167380356e-15,15.000000000000023,-9.99999999999999
-4.789541167380356e-15,15.00000000000003,-4.999999999999974
-0.0,15.000000000000018,9.579082334760709e-15
1.436862350214107e-14,15.000000000000046,5.00000000000004
-1.4368623502141064e-14,15.000000000000036,10.000000000000009
9.579082334760712e-15,15.000000000000037,15.000000000000037
1.4368623502141064e-14,15.000000000000036,20.000000000000025
4.7895411673803546e-15,15.000000000000036,25.000000000000025
-2.3947705836901765e-15,15.000000000000028,30.000000000000004
-1.9158164669521418e-14,14.999999999999993,35.0
1.3171238210295976e-14,15.00000000000003,40.00000000000003
-1.5566008793986147e-14,14.999999999999998,45.00000000000001
-0.0,20.00000000000003,-9.999999999999988
1.9158164669521412e-14,20.000000000000036,-4.999999999999977
4.789541167380356e-15,20.000000000000046,3.352678817166248e-14
4.7895411673803546e-15,20.000000000000025,5.00000000000002
1.4368623502141064e-14,20.000000000000046,10.000000000000044
1.4368623502141064e-14,20.000000000000025,15.000000000000036
3.1132017587972293e-14,20.00000000000004,20.00000000000004
2.3947705836901773e-15,20.000000000000018,25.000000000000025
3.592155875535266e-15,20.00000000000003,30.000000000000025
-7.184311751070529e-15,20.000000000000018,35.000000000000014
-1.1973852918450886e-15,20.000000000000014,40.00000000000003
3.891502198496538e-15,20.000000000000018,45.000000000000036
4.789541167380356e-15,25.000000000000043,-9.999999999999973
-4.789541167380353e-15,25.00000000000004,-5.000000000000002
-9.579082334760709e-15,25.000000000000025,9.579082334760709e-15
1.6763394085831235e-14,25.00000000000004,5.000000000000034
3.1132017587972306e-14,25.000000000000043,10.000000000000039
4.7895411673803546e-15,25.000000000000025,15.000000000000036
2.3947705836901773e-15,25.000000000000025,20.000000000000018
-4.7895411673803546e-15,25.000000000000014,25.000000000000014
-0.0,25.000000000000025,30.000000000000014
-1.6164701439908697e-14,25.000000000000014,35.000000000000014
-2.095424260728905e-14,25.00000000000001,40.00000000000001
1.5566008793986153e-14,25.00000000000004,45.00000000000003
4.789541167380356e-15,30.000000000000025,-9.99999999999998
-4.7895411673803546e-15,30.000000000000004,-5.0
1.1973852918450886e-14,30.000000000000025,3.592155875535267e-14
-2.3947705836901772e-14,29.999999999999996,4.999999999999991
1.6763394085831235e-14,30.00000000000003,10.00000000000003
-2.3947705836901765e-15,30.000000000000004,15.000000000000028
3.592155875535266e-15,30.000000000000025,20.00000000000003
-0.0,30.000000000000014,25.000000000000025
-2.813855435835959e-14,29.99999999999998,29.99999999999998
-1.6164701439908697e-14,29.999999999999993,35.00000000000003
1.9083328088781104e-14,30.000000000000025,40.00000000000003
1.0477121303644525e-14,30.000000000000025,45.00000000000003
-4.7895411673803546e-15,35.00000000000003,-9.999999999999995
-9.579082334760706e-15,35.00000000000003,-5.0000000000000036
-0.0,35.00000000000004,1.1973852918450886e-14
-1.6763394085831248e-14,35.000000000000014,5.0
-1.676339408583124e-14,35.000000000000014,9.999999999999993
-1.9158164669521418e-14,35.0,14.999999999999993
-7.184311751070529e-15,35.000000000000014,20.000000000000018
-1.6164701439908697e-14,35.000000000000014,25.000000000000014
-1.6164701439908697e-14,35.00000000000003,29.999999999999993
1.2348035822152477e-14,35.000000000000014,35.000000000000014
-1.8559472023598874e-14,35.000000000000014,40.00000000000001
-9.579082334760709e-15,35.000000000000014,45.00000000000001
2.1552935253211595e-14,40.000000000000036,-9.999999999999973
-4.789541167380356e-15,40.000000000000036,-4.999999999999977
-9.579082334760712e-15,40.00000000000002,4.789541167380356e-15
7.184311751070532e-15,40.00000000000002,5.000000000000012
-1.6763394085831235e-14,40.000000000000014,10.0
1.3171238210295976e-14,40.00000000000003,15.00000000000003
-1.1973852918450886e-15,40.00000000000003,20.000000000000014
-2.095424260728905e-14,40.00000000000001,25.00000000000001
1.9083328088781104e-14,40.00000000000003,30.000000000000025
-1.8559472023598874e-14,40.00000000000001,35.000000000000014
-5.986926459225441e-16,40.00000000000002,40.00000000000002
-9.579082334760709e-15,40.000000000000014,45.00000000000001
-2.6342476420591952e-14,45.00000000000001,-10.00000000000001
1.9158164669521418e-14,45.00000000000003,-4.999999999999959
-2.3947705836901773e-15,45.00000000000002,-4.7895411673803546e-15
1.4368623502141064e-14,45.000000000000036,5.000000000000035
-1.3171238210295976e-14,45.00000000000001,9.99999999999999
-1.5566008793986147e-14,45.00000000000001,14.999999999999998
3.891502198496538e-15,45.000000000000036,20.000000000000018
1.5566008793986153e-14,45.00000000000003,25.00000000000004
1.0477121303644525e-14,45.00000000000003,30.000000000000025
-9.579082334760709e-15,45.00000000000001,35.000000000000014
-9.579082334760709e-15,45.00000000000001,40.000000000000014
2.1552935253211595e-14,45.00000000000003,45.00000000000003
5.00000000000001,-9.999999999999954,-9.999999999999954
4.9999999999999885,-9.999999999999986,-4.9999999999999725
5.000000000000014,-9.999999999999964,3.8316329339042836e-14
4.999999999999982,-9.999999999999988,5.00000000000001
4.999999999999982,-9.999999999999986,10.000000000000036
4.9999999999999964,-9.999999999999977,15.000000000000021
4.9999999999999725,-9.99999999999999,20.000000000000018
4.999999999999991,-9.999999999999973,25.00000000000003
4.999999999999987,-10.000000000000004,30.000000000000014
5.00000000000001,-9.999999999999966,35.000000000000036
5.00000000000001,-9.999999999999988,40.00000000000003
5.000000000000016,-9.999999999999964,45.00000000000005
4.9999999999999885,-4.9999999999999725,-9.999999999999986
5.000000000000014,-4.999999999999957,-4.999999999999957
4.9999999999999964,-4.999999999999956,2.3947705836901772e-14
4.999999999999982,-4.999999999999991,5.00000000000001
4.9999999999999964,-4.999999999999982,10.000000000000023
4.9999999999999964,-4.999999999999995,15.000000000000021
5.000000000000004,-4.99999999999997,20.00000000000004
5.0,-4.999999999999997,25.000000000000025
4.9999999999999885,-4.99999999999999,30.000000000000014
4.999999999999998,-4.999999999999998,35.000000000000014
4.999999999999974,-5.0000000000000195,40.00000000000001
5.0,-4.999999999999995,45.00000000000003
5.000000000000014,3.8316329339042836e-14,-9.999999999999964
4.9999999999999964,2.3947705836901772e-14,-4.999999999999956
5.0000000000000115,5.747449400856423e-14,5.747449400856423e-14
5.000000000000004,1.436862350214107e-14,5.00000000000002
5.0,3.352678817166248e-14,10.000000000000044
4.999999999999991,2.8737247004282116e-14,15.000000000000036
4.999999999999982,-0.0,20.000000000000014
4.999999999999986,9.579082334760712e-15,25.000000000000025
4.999999999999979,-9.579082334760709e-15,29.999999999999996
4.999999999999966,-2.1552935253211595e-14,35.0
4.99999999999996,-1.436862350214107e-14,40.000000000000014
5.000000000000018,2.3947705836901772e-14,45.000000000000036
4.999999999999982,5.00000000000001,-9.999999999999988
4.999999999999982,5.00000000000001,-4.999999999999991
5.000000000000004,5.00000000000002,1.436862350214107e-14
4.999999999999983,5.000000000000014,5.000000000000014
4.9999999999999725,4.9999999999999964,9.999999999999993
4.999999999999987,5.000000000000016,15.000000000000018
5.000000000000003,5.000000000000026,20.000000000000025
4.999999999999999,5.0000000000000275,25.00000000000004
4.999999999999995,5.0000000000000115,30.000000000000004
5.000000000000004,5.000000000000021,35.00000000000003
4.999999999999998,4.999999999999998,40.00000000000002
4.999999999999991,4.9999999999999964,45.00000000000001
4.999999999999982,10.000000000000036,-9.999999999999986
4.9999999999999964,10.000000000000023,-4.999999999999982
5.0,10.000000000000044,3.352678817166248e-14
4.9999999999999725,9.999999999999993,4.9999999999999964
5.0,10.00000000000003,10.00000000000003
4.999999999999991,10.00000000000001,15.00000000000003
4.9999999999999725,9.999999999999993,20.00000000000001
4.9999999999999964,10.000000000000014,25.000000000000025
4.9999999999999885,10.000000000000005,30.000000000000004
5.0000000000000195,10.000000000000048,35.00000000000004
5.00000000000002,10.000000000000023,40.000000000000036
5.000000000000026,10.000000000000032,45.000000000000036
4.9999999999999964,15.000000000000021,-9.999999999999977
4.9999999999999964,15.000000000000021,-4.999999999999995
4.999999999999991,15.000000000000036,2.8737247004282116e-14
4.999999999999987,15.000000000000018,5.000000000000016
4.999999999999991,15.00000000000003,10.00000000000001
4.999999999999998,15.000000000000012,15.000000000000012
5.000000000000009,15.00000000000003,20.000000000000036
5.000000000000009,15.00000000000003,25.000000000000032
4.999999999999995,15.000000000000028,30.000000000000014
4.999999999999994,15.000000000000002,35.000000000000014
4.9999999999999805,14.999999999999998,40.000000000000014
4.999999999999998,14.999999999999998,45.00000000000001
4.9999999999999725,20.000000000000018,-9.99999999999999
5.000000000000004,20.00000000000004,-4.99999999999997
4.999999999999982,20.000000000000014,-0.0
5.000000000000003,20.000000000000025,5.000000000000026
4.9999999999999725,20.00000000000001,9.999999999999993
5.000000000000009,20.000000000000036,15.00000000000003
4.999999999999991,20.00000000000002,20.00000000000002
5.0,20.000000000000036,25.00000000000004
5.000000000000003,20.000000000000025,30.00000000000003
4.999999999999979,20.0,35.000000000000014
4.999999999999977,20.000000000000004,40.00000000000001
5.000000000000003,20.000000000000014,45.00000000000002
4.999999999999991,25.00000000000003,-9.999999999999973
5.0,25.000000000000025,-4.999999999999997
4.999999999999986,25.000000000000025,9.579082334760712e-15
4.999999999999999,25.00000000000004,5.0000000000000275
4.9999999999999964,25.000000000000025,10.000000000000014
5.000000000000009,25.000000000000032,15.00000000000003
5.0,25.00000000000004,20.000000000000036
4.999999999999997,25.000000000000025,25.000000000000025
4.9999999999999964,25.000000000000025,30.000000000000014
5.00000000000001,25.000000000000032,35.000000000000036
5.000000000000021,25.000000000000025,40.00000000000003
5.000000000000018,25.00000000000004,45.00000000000003
4.999999999999987,30.000000000000014,-10.000000000000004
4.9999999999999885,30.000000000000014,-4.99999999999999
4.999999999999979,29.999999999999996,-9.579082334760709e-15
4.999999999999995,30.000000000000004,5.0000000000000115
4.9999999999999885,30.000000000000004,10.000000000000005
4.999999999999995,30.000000000000014,15.000000000000028
5.000000000000003,30.00000000000003,20.000000000000025
4.9999999999999964,30.000000000000014,25.000000000000025
5.000000000000013,30.00000000000001,30.00000000000001
4.999999999999979,29.999999999999993,35.0
4.9999999999999805,29.999999999999993,40.0
4.9999999999999964,29.999999999999993,45.00000000000001
5.00000000000001,35.000000000000036,-9.999999999999966
4.999999999999998,35.000000000000014,-4.999999999999998
4.999999999999966,35.0,-2.1552935253211595e-14
5.000000000000004,35.00000000000003,5.000000000000021
5.0000000000000195,35.00000000000004,10.000000000000048
4.999999999999994,35.000000000000014,15.000000000000002
4.999999999999979,35.000000000000014,20.0
5.00000000000001,35.000000000000036,25.000000000000032
4.999999999999979,35.0,29.999999999999993
4.99999999999999,35.0,35.0
5.0000000000000036,35.000000000000014,40.00000000000002
5.000000000000004,35.000000000000014,45.00000000000003
5.00000000000001,40.00000000000003,-9.999999999999988
4.999999999999974,40.00000000000001,-5.0000000000000195
4.99999999999996,40.000000000000014,-1.436862350214107e-14
4.999999999999998,40.00000000000002,4.999999999999998
5.00000000000002,40.000000000000036,10.000000000000023
4.9999999999999805,40.000000000000014,14.999999999999998
4.999999999999977,40.00000000000001,20.000000000000004
5.000000000000021,40.00000000000003,25.000000000000025
4.9999999999999805,40.0,29.999999999999993
5.0000000000000036,40.00000000000002,35.000000000000014
4.9999999999999964,40.00000000000001,40.00000000000001
5.000000000000002,40.000000000000014,45.00000000000002
5.000000000000016,45.00000000000005,-9.999999999999964
5.0,45.00000000000003,-4.999999999999995
5.000000000000018,45.000000000000036,2.3947705836901772e-14
4.999999999999991,45.00000000000001,4.9999999999999964
5.000000000000026,45.000000000000036,10.000000000000032
4.999999999999998,45.00000000000001,14.999999999999998
5.000000000000003,45.00000000000002,20.000000000000014
5.000000000000018,45.00000000000003,25.00000000000004
4.9999999999999964,45.00000000000001,29.999999999999993
5.000000000000004,45.00000000000003,35.000000000000014
5.000000000000002,45.00000000000002,40.000000000000014
5.00000000000001,45.000000000000036,45.000000000000036
9.999999999999995,-9.999999999999954,-9.999999999999954
10.000000000000009,-9.999999999999968,-4.999999999999957
9.999999999999995,-9.999999999999954,5.2684952841183885e-14
10.000000000000009,-9.999999999999957,5.000000000000053
10.000000000000004,-9.999999999999961,10.000000000000055
9.999999999999993,-9.999999999999964,15.000000000000037
10.0,-9.99999999999998,20.00000000000004
10.000000000000004,-9.999999999999972,25.000000000000057
10.000000000000004,-9.99999999999998,30.000000000000025
9.999999999999998,-9.999999999999977,35.000000000000036
9.999999999999995,-9.999999999999988,40.000000000000036
10.000000000000014,-9.999999999999972,45.00000000000005
10.000000000000009,-4.999999999999957,-9.999999999999968
10.000000000000009,-4.999999999999938,-4.999999999999938
10.00000000000003,-4.999999999999952,6.705357634332497e-14
9.999999999999977,-4.999999999999962,5.000000000000028
9.999999999999993,-4.999999999999987,10.000000000000043
10.0,-4.999999999999999,15.000000000000036
9.999999999999988,-4.999999999999972,20.000000000000032
10.000000000000018,-4.99999999999996,25.000000000000057
10.000000000000005,-4.999999999999962,30.00000000000003
9.999999999999988,-4.9999999999999964,35.000000000000036
9.999999999999995,-4.999999999999987,40.000000000000036
9.999999999999988,-4.999999999999992,45.00000000000002
9.999999999999995,5.2684952841183885e-14,-9.999999999999954
10.00000000000003,6.705357634332497e-14,-4.999999999999952
9.999999999999988,3.352678817166248e-14,3.352678817166248e-14
9.999999999999995,3.8316329339042836e-14,5.000000000000038
10.00000000000002,5.2684952841183885e-14,10.000000000000048
9.999999999999977,1.9158164669521418e-14,15.000000000000036
10.000000000000023,5.2684952841183904e-14,20.00000000000006
10.0,2.873724700428213e-14,25.000000000000043
9.999999999999993,4.789541167380356e-15,30.000000000000025
9.999999999999984,-2.394770583690178e-15,35.000000000000014
10.000000000000014,3.472417346350757e-14,40.00000000000004
9.999999999999995,8.38169704291562e-15,45.00000000000003
10.000000000000009,5.000000000000053,-9.999999999999957
9.999999999999977,5.000000000000028,-4.999999999999962
9.999999999999995,5.000000000000038,3.8316329339042836e-14
10.00000000000002,5.000000000000053,5.000000000000053
10.000000000000004,5.000000000000043,10.000000000000052
9.99999999999997,5.0000000000000195,15.000000000000018
10.000000000000014,5.000000000000043,20.00000000000004
9.999999999999993,5.000000000000034,25.000000000000043
9.999999999999998,5.000000000000028,30.000000000000025
9.999999999999998,5.000000000000024,35.000000000000014
9.999999999999984,5.00000000000001,40.00000000000002
9.999999999999984,5.0000000000000115,45.00000000000003
10.000000000000004,10.000000000000055,-9.999999999999961
9.999999999999993,10.000000000000043,-4.999999999999987
10.00000000000002,10.000000000000048,5.2684952841183885e-14
10.000000000000004,10.000000000000052,5.000000000000043
10.000000000000002,10.000000000000036,10.000000000000036
9.999999999999995,10.000000000000032,15.000000000000021
10.00000000000003,10.000000000000055,20.00000000000007
9.999999999999995,10.000000000000023,25.000000000000043
10.000000000000009,10.000000000000023,30.000000000000036
9.999999999999993,10.00000000000002,35.000000000000014
9.999999999999996,10.00000000000001,40.00000000000003
9.999999999999995,10.00000000000001,45.000000000000036
9.999999999999993,15.000000000000037,-9.999999999999964
10.0,15.000000000000036,-4.999999999999999
9.999999999999977,15.000000000000036,1.9158164669521418e-14
9.99999999999997,15.000000000000018,5.0000000000000195
9.999999999999995,15.000000000000021,10.000000000000032
9.999999999999995,15.000000000000037,15.000000000000037
10.00000000000001,15.000000000000044,20.00000000000004
10.000000000000004,15.000000000000036,25.00000000000003
10.000000000000009,15.000000000000044,30.00000000000003
9.999999999999995,15.000000000000036,35.00000000000003
9.999999999999968,14.999999999999996,40.00000000000001
10.00000000000002,15.000000000000039,45.00000000000005
10.0,20.00000000000004,-9.99999999999998
9.999999999999988,20.000000000000032,-4.999999999999972
10.000000000000023,20.00000000000006,5.2684952841183904e-14
10.000000000000014,20.00000000000004,5.000000000000043
10.00000000000003,20.00000000000007,10.000000000000055
10.00000000000001,20.00000000000004,15.000000000000044
10.000000000000002,20.00000000000004,20.00000000000004
10.000000000000004,20.00000000000004,25.000000000000032
9.99999999999998,20.000000000000007,30.000000000000004
10.000000000000002,20.00000000000002,35.00000000000003
9.99999999999999,20.00000000000002,40.00000000000002
9.99999999999999,20.00000000000001,45.00000000000003
10.000000000000004,25.000000000000057,-9.999999999999972
10.000000000000018,25.000000000000057,-4.99999999999996
10.0,25.000000000000043,2.873724700428213e-14
9.999999999999993,25.000000000000043,5.000000000000034
9.999999999999995,25.000000000000043,10.000000000000023
10.000000000000004,25.00000000000003,15.000000000000036
10.000000000000004,25.000000000000032,20.00000000000004
10.000000000000007,25.00000000000004,25.00000000000004
9.999999999999993,25.000000000000025,30.000000000000014
10.000000000000025,25.000000000000046,35.00000000000005
9.999999999999993,25.000000000000025,40.000000000000014
9.999999999999993,25.000000000000014,45.000000000000036
10.000000000000004,30.000000000000025,-9.99999999999998
10.000000000000005,30.00000000000003,-4.999999999999962
9.999999999999993,30.000000000000025,4.789541167380356e-15
9.999999999999998,30.000000000000025,5.000000000000028
10.000000000000009,30.000000000000036,10.000000000000023
10.000000000000009,30.00000000000003,15.000000000000044
9.99999999999998,30.000000000000004,20.000000000000007
9.999999999999993,30.000000000000014,25.000000000000025
10.000000000000005,30.00000000000003,30.00000000000003
10.000000000000018,30.00000000000003,35.000000000000036
10.000000000000004,30.00000000000001,40.00000000000002
10.000000000000039,30.000000000000036,45.000000000000064
9.999999999999998,35.000000000000036,-9.999999999999977
9.999999999999988,35.000000000000036,-4.9999999999999964
9.999999999999984,35.000000000000014,-2.394770583690178e-15
9.999999999999998,35.000000000000014,5.000000000000024
9.999999999999993,35.000000000000014,10.00000000000002
9.999999999999995,35.00000000000003,15.000000000000036
10.000000000000002,35.00000000000003,20.00000000000002
10.000000000000025,35.00000000000005,25.000000000000046
10.000000000000018,35.000000000000036,30.00000000000003
10.000000000000009,35.00000000000003,35.00000000000003
9.999999999999972,34.99999999999999,40.0
10.000000000000023,35.000000000000036,45.00000000000006
9.999999999999995,40.000000000000036,-9.999999999999988
9.999999999999995,40.000000000000036,-4.999999999999987
10.000000000000014,40.00000000000004,3.472417346350757e-14
9.999999999999984,40.00000000000002,5.00000000000001
9.999999999999996,40.00000000000003,10.00000000000001
9.999999999999968,40.00000000000001,14.999999999999996
9.99999999999999,40.00000000000002,20.00000000000002
9.999999999999993,40.000000000000014,25.000000000000025
10.000000000000004,40.00000000000002,30.00000000000001
9.999999999999972,40.0,34.99999999999999
10.000000000000005,40.00000000000003,40.00000000000003
10.0,40.00000000000002,45.00000000000002
10.000000000000014,45.00000000000005,-9.999999999999972
9.999999999999988,45.00000000000002,-4.999999999999992
9.999999999999995,45.00000000000003,8.38169704291562e-15
9.999999999999984,45.00000000000003,5.0000000000000115
9.999999999999995,45.000000000000036,10.00000000000001
10.00000000000002,45.00000000000005,15.000000000000039
9.99999999999999,45.00000000000003,20.00000000000001
9.999999999999993,45.000000000000036,25.000000000000014
10.000000000000039,45.000000000000064,30.000000000000036
10.000000000000023,45.00000000000006,35.000000000000036
10.0,45.00000000000002,40.00000000000002
9.999999999999995,45.00000000000002,45.00000000000002
14.999999999999996,-9.999999999999973,-9.999999999999973
14.999999999999998,-9.999999999999968,-4.99999999999996
14.999999999999973,-9.99999999999998,2.873724700428213e-14
15.000000000000007,-9.999999999999952,5.00000000000003
14.999999999999993,-9.999999999999993,10.000000000000025
14.999999999999996,-9.999999999999977,15.000000000000037
14.999999999999998,-9.999999999999977,20.000000000000025
14.999999999999996,-9.99999999999999,25.000000000000043
15.000000000000007,-9.999999999999973,30.000000000000025
15.000000000000002,-9.999999999999995,35.00000000000003
14.999999999999996,-9.999999999999988,40.00000000000002
15.000000000000005,-9.99999999999998,45.00000000000002
14.999999999999998,-4.99999999999996,-9.999999999999968
15.000000000000005,-4.999999999999962,-4.999999999999962
15.000000000000005,-4.999999999999966,3.352678817166248e-14
14.999999999999982,-5.0000000000000036,5.0000000000000195
15.000000000000005,-4.999999999999999,10.000000000000023
14.999999999999982,-4.99999999999999,15.000000000000014
15.000000000000036,-4.999999999999955,20.000000000000046
15.000000000000005,-4.999999999999983,25.000000000000025
15.000000000000002,-4.999999999999979,30.00000000000003
15.000000000000014,-4.999999999999979,35.00000000000004
15.000000000000007,-4.999999999999983,40.00000000000003
15.000000000000005,-4.9999999999999964,45.00000000000002
14.999999999999973,2.873724700428213e-14,-9.99999999999998
15.000000000000005,3.352678817166248e-14,-4.999999999999966
14.999999999999973,4.7895411673803546e-15,4.7895411673803546e-15
14.999999999999998,3.352678817166247e-14,5.000000000000034
14.999999999999996,1.9158164669521418e-14,10.000000000000014
15.000000000000014,4.310587050642319e-14,15.000000000000046
14.99999999999998,-0.0,20.000000000000018
15.000000000000014,1.676339408583124e-14,25.000000000000032
15.000000000000002,1.197385291845089e-14,30.000000000000025
14.999999999999996,5.986926459225443e-15,35.000000000000036
15.000000000000007,1.5566008793986153e-14,40.00000000000003
15.000000000000005,-2.9934632296127207e-15,45.00000000000002
15.000000000000007,5.00000000000003,-9.999999999999952
14.999999999999982,5.0000000000000195,-5.0000000000000036
14.999999999999998,5.000000000000034,3.352678817166247e-14
14.999999999999998,5.000000000000002,5.000000000000002
14.999999999999996,5.0000000000000195,10.00000000000001
14.999999999999993,5.0000000000000275,15.000000000000028
15.000000000000007,5.000000000000033,20.00000000000004
15.000000000000014,5.00000000000004,25.00000000000004
14.999999999999996,5.000000000000018,30.000000000000014
14.99999999999999,4.9999999999999964,34.99999999999999
15.000000000000007,5.000000000000021,40.00000000000003
14.999999999999998,5.000000000000007,45.00000000000001
14.999999999999993,10.000000000000025,-9.999999999999993
15.000000000000005,10.000000000000023,-4.999999999999999
14.999999999999996,10.000000000000014,1.9158164669521418e-14
14.999999999999996,10.00000000000001,5.0000000000000195
14.99999999999999,10.000000000000032,10.000000000000032
15.000000000000002,10.000000000000016,15.00000000000003
15.000000000000018,10.00000000000004,20.00000000000004
14.99999999999999,10.000000000000005,25.00000000000004
14.999999999999982,10.000000000000005,29.999999999999993
14.999999999999996,10.000000000000009,35.000000000000014
14.99999999999998,9.99999999999999,40.00000000000001
15.000000000000007,10.000000000000023,45.000000000000036
14.999999999999996,15.000000000000037,-9.999999999999977
14.999999999999982,15.000000000000014,-4.99999999999999
15.000000000000014,15.000000000000046,4.310587050642319e-14
14.999999999999993,15.000000000000028,5.0000000000000275
15.000000000000002,15.00000000000003,10.000000000000016
15.000000000000002,15.00000000000003,15.00000000000003
15.000000000000005,15.000000000000036,20.000000000000036
14.999999999999996,15.000000000000028,25.00000000000004
15.000000000000018,15.000000000000036,30.000000000000014
14.999999999999973,14.999999999999996,34.99999999999999
14.999999999999998,15.000000000000018,40.00000000000002
14.999999999999993,15.000000000000012,45.00000000000001
14.999999999999998,20.000000000000025,-9.999999999999977
15.000000000000036,20.000000000000046,-4.999999999999955
14.99999999999998,20.000000000000018,-0.0
15.000000000000007,20.00000000000004,5.000000000000033
15.000000000000018,20.00000000000004,10.00000000000004
15.000000000000005,20.000000000000036,15.000000000000036
14.999999999999996,20.000000000000014,20.000000000000014
15.00000000000003,20.00000000000006,25.00000000000005
15.000000000000014,20.00000000000004,30.000000000000025
14.999999999999977,19.999999999999993,35.0
14.999999999999993,20.00000000000001,40.00000000000002
14.999999999999996,20.00000000000001,45.00000000000002
14.999999999999996,25.000000000000043,-9.99999999999999
15.000000000000005,25.000000000000025,-4.999999999999983
15.000000000000014,25.000000000000032,1.676339408583124e-14
15.000000000000014,25.00000000000004,5.00000000000004
14.99999999999999,25.00000000000004,10.000000000000005
14.999999999999996,25.00000000000004,15.000000000000028
15.00000000000003,25.00000000000005,20.00000000000006
14.999999999999998,25.000000000000025,25.000000000000025
15.000000000000012,25.000000000000032,30.000000000000025
14.999999999999993,25.000000000000014,35.000000000000014
15.000000000000021,25.00000000000004,40.000000000000036
14.999999999999996,25.000000000000025,45.00000000000001
15.000000000000007,30.000000000000025,-9.999999999999973
15.000000000000002,30.00000000000003,-4.999999999999979
15.000000000000002,30.000000000000025,1.197385291845089e-14
14.999999999999996,30.000000000000014,5.000000000000018
14.999999999999982,29.999999999999993,10.000000000000005
15.000000000000018,30.000000000000014,15.000000000000036
15.000000000000014,30.000000000000025,20.00000000000004
15.000000000000012,30.000000000000025,25.000000000000032
14.99999999999999,30.000000000000004,30.000000000000004
14.999999999999993,30.00000000000001,35.000000000000014
14.999999999999996,30.000000000000004,40.000000000000014
15.000000000000005,30.00000000000001,45.00000000000002
15.000000000000002,35.00000000000003,-9.999999999999995
15.000000000000014,35.00000000000004,-4.999999999999979
14.999999999999996,35.000000000000036,5.986926459225443e-15
14.99999999999999,34.99999999999999,4.9999999999999964
14.999999999999996,35.000000000000014,10.000000000000009
14.999999999999973,34.99999999999999,14.999999999999996
14.999999999999977,35.0,19.999999999999993
14.999999999999993,35.000000000000014,25.000000000000014
14.999999999999993,35.000000000000014,30.00000000000001
14.999999999999986,35.00000000000003,35.00000000000003
15.000000000000014,35.00000000000003,40.00000000000003
14.99999999999998,34.99999999999999,44.99999999999999
14.999999999999996,40.00000000000002,-9.999999999999988
15.000000000000007,40.00000000000003,-4.999999999999983
15.000000000000007,40.00000000000003,1.5566008793986153e-14
15.000000000000007,40.00000000000003,5.000000000000021
14.99999999999998,40.00000000000001,9.99999999999999
14.999999999999998,40.00000000000002,15.000000000000018
14.999999999999993,40.00000000000002,20.00000000000001
15.000000000000021,40.000000000000036,25.00000000000004
14.999999999999996,40.000000000000014,30.000000000000004
15.000000000000014,40.00000000000003,35.00000000000003
14.99999999999999,40.00000000000002,40.00000000000002
15.000000000000007,40.00000000000003,45.00000000000003
15.000000000000005,45.00000000000002,-9.99999999999998
15.000000000000005,45.00000000000002,-4.9999999999999964
15.000000000000005,45.00000000000002,-2.9934632296127207e-15
14.999999999999998,45.00000000000001,5.000000000000007
15.000000000000007,45.000000000000036,10.000000000000023
14.999999999999993,45.00000000000001,15.000000000000012
14.999999999999996,45.00000000000002,20.00000000000001
14.999999999999996,45.00000000000001,25.000000000000025
15.000000000000005,45.00000000000002,30.00000000000001
14.99999999999998,44.99999999999999,34.99999999999999
15.000000000000007,45.00000000000003,40.00000000000003
14.999999999999996,45.00000000000001,45.00000000000001
20.00000000000001,-9.999999999999961,-9.999999999999961
20.000000000000007,-9.999999999999957,-4.999999999999957
19.999999999999986,-9.99999999999997,4.310587050642319e-14
20.000000000000007,-9.99999999999997,5.000000000000044
20.00000000000001,-9.999999999999957,10.000000000000032
20.000000000000007,-9.999999999999972,15.000000000000036
20.0,-9.999999999999977,20.00000000000004
19.999999999999986,-9.999999999999972,25.00000000000004
20.000000000000004,-9.99999999999999,30.000000000000014
20.00000000000001,-9.99999999999998,35.000000000000064
19.99999999999998,-10.00000000000001,39.99999999999999
19.999999999999986,-10.0,45.00000000000002
20.000000000000007,-4.999999999999957,-9.999999999999957
20.00000000000001,-4.999999999999962,-4.999999999999962
19.999999999999986,-4.999999999999982,2.3947705836901772e-14
20.000000000000004,-4.999999999999963,5.000000000000034
20.000000000000018,-4.9999999999999645,10.000000000000048
20.00000000000003,-4.999999999999945,15.000000000000046
20.0,-4.999999999999976,20.00000000000004
19.999999999999986,-5.000000000000003,25.000000000000014
20.000000000000018,-4.999999999999947,30.000000000000046
20.000000000000032,-4.999999999999945,35.00000000000004
20.0,-4.999999999999987,40.00000000000003
19.999999999999986,-4.999999999999994,45.00000000000001
19.999999999999986,4.310587050642319e-14,-9.99999999999997
19.999999999999986,2.3947705836901772e-14,-4.999999999999982
19.999999999999986,3.352678817166248e-14,3.352678817166248e-14
19.999999999999986,9.579082334760712e-15,5.000000000000006
20.00000000000003,5.2684952841183904e-14,10.000000000000055
20.000000000000007,2.873724700428214e-14,15.000000000000039
20.000000000000004,2.394770583690178e-14,20.00000000000003
20.000000000000007,2.6342476420591952e-14,25.000000000000046
20.000000000000007,1.9158164669521412e-14,30.000000000000025
20.00000000000001,2.1552935253211592e-14,35.00000000000003
20.00000000000001,1.7362086731753792e-14,40.00000000000003
20.00000000000001,6.884965428109259e-15,45.00000000000003
20.000000000000007,5.000000000000044,-9.99999999999997
20.000000000000004,5.000000000000034,-4.999999999999963
19.999999999999986,5.000000000000006,9.579082334760712e-15
19.999999999999993,5.000000000000023,5.000000000000023
19.99999999999999,5.000000000000021,10.000000000000025
20.000000000000004,5.000000000000042,15.000000000000039
20.000000000000004,5.00000000000003,20.00000000000003
20.000000000000014,5.00000000000004,25.000000000000046
20.000000000000007,5.0000000000000275,30.000000000000025
20.00000000000001,5.00000000000002,35.00000000000003
19.999999999999996,5.0000000000000036,40.00000000000002
19.999999999999996,5.000000000000012,45.00000000000003
20.00000000000001,10.000000000000032,-9.999999999999957
20.000000000000018,10.000000000000048,-4.9999999999999645
20.00000000000003,10.000000000000055,5.2684952841183904e-14
19.99999999999999,10.000000000000025,5.000000000000021
20.00000000000002,10.00000000000004,10.00000000000004
20.00000000000002,10.000000000000048,15.000000000000039
20.00000000000001,10.000000000000044,20.000000000000046
20.00000000000001,10.000000000000036,25.000000000000043
20.000000000000007,10.00000000000002,30.000000000000004
20.000000000000007,10.00000000000002,35.000000000000036
20.00000000000001,10.000000000000016,40.00000000000003
19.99999999999999,10.00000000000001,45.00000000000003
20.000000000000007,15.000000000000036,-9.999999999999972
20.00000000000003,15.000000000000046,-4.999999999999945
20.000000000000007,15.000000000000039,2.873724700428214e-14
20.000000000000004,15.000000000000039,5.000000000000042
20.00000000000002,15.000000000000039,10.000000000000048
20.000000000000018,15.000000000000039,15.000000000000039
20.000000000000018,15.000000000000046,20.00000000000004
20.000000000000007,15.00000000000003,25.00000000000004
20.00000000000003,15.000000000000046,30.00000000000003
19.999999999999996,15.000000000000021,35.00000000000003
20.00000000000001,15.000000000000037,40.00000000000003
20.00000000000001,15.00000000000003,45.00000000000003
20.0,20.00000000000004,-9.999999999999977
20.0,20.00000000000004,-4.999999999999976
20.000000000000004,20.00000000000003,2.394770583690178e-14
20.000000000000004,20.00000000000003,5.00000000000003
20.00000000000001,20.000000000000046,10.000000000000044
20.000000000000018,20.00000000000004,15.000000000000046
20.000000000000004,20.00000000000003,20.00000000000003
19.999999999999996,20.000000000000018,25.000000000000025
20.000000000000007,20.00000000000003,30.000000000000025
20.000000000000007,20.00000000000003,35.00000000000003
20.00000000000001,20.000000000000018,40.00000000000003
20.00000000000001,20.000000000000036,45.000000000000036
19.999999999999986,25.00000000000004,-9.999999999999972
19.999999999999986,25.000000000000014,-5.000000000000003
20.000000000000007,25.000000000000046,2.6342476420591952e-14
20.000000000000014,25.000000000000046,5.00000000000004
20.00000000000001,25.000000000000043,10.000000000000036
20.000000000000007,25.00000000000004,15.00000000000003
19.999999999999996,25.000000000000025,20.000000000000018
20.000000000000014,25.00000000000004,25.00000000000004
20.000000000000014,25.000000000000043,30.00000000000003
20.00000000000001,25.000000000000025,35.00000000000003
20.00000000000003,25.000000000000046,40.00000000000004
20.0,25.000000000000014,45.00000000000002
20.000000000000004,30.000000000000014,-9.99999999999999
20.000000000000018,30.000000000000046,-4.999999999999947
20.000000000000007,30.000000000000025,1.9158164669521412e-14
20.000000000000007,30.000000000000025,5.0000000000000275
20.000000000000007,30.000000000000004,10.00000000000002
20.00000000000003,30.00000000000003,15.000000000000046
20.000000000000007,30.000000000000025,20.00000000000003
20.000000000000014,30.00000000000003,25.000000000000043
19.999999999999993,30.000000000000004,30.000000000000004
20.000000000000014,30.000000000000025,35.00000000000003
19.99999999999999,29.999999999999993,39.99999999999999
19.999999999999986,29.999999999999996,45.00000000000001
20.00000000000001,35.000000000000064,-9.99999999999998
20.000000000000032,35.00000000000004,-4.999999999999945
20.00000000000001,35.00000000000003,2.1552935253211592e-14
20.00000000000001,35.00000000000003,5.00000000000002
20.000000000000007,35.000000000000036,10.00000000000002
19.999999999999996,35.00000000000003,15.000000000000021
20.000000000000007,35.00000000000003,20.00000000000003
20.00000000000001,35.00000000000003,25.000000000000025
20.000000000000014,35.00000000000003,30.000000000000025
20.000000000000014,35.000000000000036,35.000000000000036
20.00000000000003,35.000000000000036,40.00000000000004
20.000000000000004,35.000000000000014,45.00000000000001
19.99999999999998,39.99999999999999,-10.00000000000001
20.0,40.00000000000003,-4.999999999999987
20.00000000000001,40.00000000000003,1.7362086731753792e-14
19.999999999999996,40.00000000000002,5.0000000000000036
20.00000000000001,40.00000000000003,10.000000000000016
20.00000000000001,40.00000000000003,15.000000000000037
20.00000000000001,40.00000000000003,20.000000000000018
20.00000000000003,40.00000000000004,25.000000000000046
19.99999999999999,39.99999999999999,29.999999999999993
20.00000000000003,40.00000000000004,35.000000000000036
20.000000000000032,40.000000000000036,40.000000000000036
20.00000000000003,40.00000000000003,45.00000000000006
19.999999999999986,45.00000000000002,-10.0
19.999999999999986,45.00000000000001,-4.999999999999994
20.00000000000001,45.00000000000003,6.884965428109259e-15
19.999999999999996,45.00000000000003,5.000000000000012
19.99999999999999,45.00000000000003,10.00000000000001
20.00000000000001,45.00000000000003,15.00000000000003
20.00000000000001,45.000000000000036,20.000000000000036
20.0,45.00000000000002,25.000000000000014
19.999999999999986,45.00000000000001,29.999999999999996
20.000000000000004,45.00000000000001,35.000000000000014
20.00000000000003,45.00000000000006,40.00000000000003
20.00000000000001,45.00000000000003,45.00000000000003
25.000000000000007,-9.999999999999957,-9.999999999999957
24.999999999999993,-9.999999999999984,-4.9999999999999725
25.000000000000007,-9.999999999999973,2.873724700428213e-14
24.999999999999993,-9.99999999999998,5.000000000000016
25.00000000000001,-9.999999999999961,10.000000000000043
25.00000000000001,-9.999999999999993,15.00000000000003
25.000000000000014,-9.99999999999995,20.000000000000064
25.000000000000014,-9.999999999999964,25.00000000000005
24.999999999999993,-9.99999999999999,30.000000000000014
25.00000000000001,-9.999999999999993,35.000000000000036
24.999999999999996,-9.999999999999982,40.000000000000036
24.999999999999993,-9.999999999999996,45.00000000000002
24.999999999999993,-4.9999999999999725,-9.999999999999984
25.000000000000014,-4.999999999999955,-4.999999999999955
24.999999999999993,-4.999999999999983,1.436862350214107e-14
25.000000000000014,-4.99999999999997,5.000000000000044
25.00000000000001,-4.999999999999977,10.000000000000039
24.999999999999996,-4.999999999999983,15.000000000000037
24.999999999999982,-5.000000000000003,20.000000000000014
24.99999999999998,-4.9999999999999964,25.000000000000025
25.00000000000001,-4.999999999999979,30.00000000000003
25.0,-4.999999999999991,35.00000000000004
25.00000000000003,-4.999999999999969,40.00000000000006
25.000000000000014,-4.999999999999985,45.00000000000003
25.000000000000007,2.873724700428213e-14,-9.999999999999973
24.999999999999993,1.436862350214107e-14,-4.999999999999983
25.000000000000007,4.310587050642319e-14,4.310587050642319e-14
25.00000000000003,4.5500641090113386e-14,5.000000000000047
24.999999999999993,1.197385291845089e-14,10.000000000000032
25.000000000000014,4.310587050642319e-14,15.000000000000052
25.00000000000001,2.6342476420591952e-14,20.00000000000004
24.999999999999996,2.3947705836901773e-15,25.000000000000014
24.999999999999996,2.2750320545056693e-14,30.000000000000014
25.000000000000007,8.980389688838165e-15,35.00000000000003
25.000000000000014,2.125358893025032e-14,40.000000000000036
25.000000000000007,5.650161845894012e-15,45.00000000000003
24.999999999999993,5.000000000000016,-9.99999999999998
25.000000000000014,5.000000000000044,-4.99999999999997
25.00000000000003,5.000000000000047,4.5500641090113386e-14
25.000000000000014,5.000000000000035,5.000000000000035
24.999999999999993,5.000000000000009,10.000000000000014
25.000000000000025,5.000000000000033,15.000000000000037
25.0,5.00000000000003,20.000000000000036
24.999999999999975,4.9999999999999964,25.00000000000001
25.000000000000007,5.000000000000021,30.00000000000001
25.00000000000001,5.000000000000016,35.000000000000036
25.000000000000014,5.000000000000024,40.00000000000003
24.999999999999993,4.999999999999991,45.00000000000002
25.00000000000001,10.000000000000043,-9.999999999999961
25.00000000000001,10.000000000000039,-4.999999999999977
24.999999999999993,10.000000000000032,1.197385291845089e-14
24.999999999999993,10.000000000000014,5.000000000000009
24.999999999999996,10.000000000000036,10.000000000000036
24.999999999999993,10.000000000000014,15.000000000000021
25.0,10.000000000000025,20.000000000000036
25.00000000000004,10.000000000000057,25.000000000000078
24.999999999999993,10.000000000000007,30.00000000000001
24.99999999999998,9.999999999999996,35.0
24.999999999999993,10.000000000000005,40.00000000000002
25.000000000000007,10.000000000000018,45.00000000000003
25.00000000000001,15.00000000000003,-9.999999999999993
24.999999999999996,15.000000000000037,-4.999999999999983
25.000000000000014,15.000000000000052,4.310587050642319e-14
25.000000000000025,15.000000000000037,5.000000000000033
24.999999999999993,15.000000000000021,10.000000000000014
25.000000000000032,15.000000000000052,15.000000000000052
25.0,15.000000000000036,20.00000000000003
24.99999999999998,14.999999999999993,25.00000000000001
25.00000000000001,15.00000000000003,30.000000000000014
24.999999999999993,15.000000000000012,35.00000000000003
24.999999999999993,14.999999999999996,40.000000000000014
25.000000000000007,15.000000000000014,45.00000000000003
25.000000000000014,20.000000000000064,-9.99999999999995
24.999999999999982,20.000000000000014,-5.000000000000003
25.00000000000001,20.00000000000004,2.6342476420591952e-14
25.0,20.000000000000036,5.00000000000003
25.0,20.000000000000036,10.000000000000025
25.0,20.00000000000003,15.000000000000036
24.999999999999996,20.000000000000025,20.000000000000025
25.000000000000007,20.00000000000003,25.00000000000003
25.000000000000014,20.00000000000004,30.000000000000025
25.000000000000007,20.000000000000014,35.00000000000003
25.000000000000025,20.00000000000003,40.000000000000036
25.000000000000007,20.00000000000001,45.00000000000002
25.000000000000014,25.00000000000005,-9.999999999999964
24.99999999999998,25.000000000000025,-4.9999999999999964
24.999999999999996,25.000000000000014,2.3947705836901773e-15
24.999999999999975,25.00000000000001,4.9999999999999964
25.00000000000004,25.000000000000078,10.000000000000057
24.99999999999998,25.00000000000001,14.999999999999993
25.000000000000007,25.00000000000003,20.00000000000003
25.00000000000001,25.00000000000004,25.00000000000004
25.00000000000001,25.000000000000025,30.000000000000014
25.00000000000003,25.000000000000043,35.00000000000004
24.999999999999993,25.00000000000001,40.00000000000002
25.00000000000004,25.00000000000005,45.00000000000005
24.999999999999993,30.000000000000014,-9.99999999999999
25.00000000000001,30.00000000000003,-4.999999999999979
24.999999999999996,30.000000000000014,2.2750320545056693e-14
25.000000000000007,30.00000000000001,5.000000000000021
24.999999999999993,30.00000000000001,10.000000000000007
25.00000000000001,30.000000000000014,15.00000000000003
25.000000000000014,30.000000000000025,20.00000000000004
25.00000000000001,30.000000000000014,25.000000000000025
24.999999999999993,29.999999999999993,29.999999999999993
25.00000000000001,30.000000000000014,35.00000000000003
25.000000000000014,30.000000000000014,40.00000000000002
24.999999999999993,30.000000000000004,45.00000000000003
25.00000000000001,35.000000000000036,-9.999999999999993
25.0,35.00000000000004,-4.999999999999991
25.000000000000007,35.00000000000003,8.980389688838165e-15
25.00000000000001,35.000000000000036,5.000000000000016
24.99999999999998,35.0,9.999999999999996
24.999999999999993,35.00000000000003,15.000000000000012
25.000000000000007,35.00000000000003,20.000000000000014
25.00000000000003,35.00000000000004,25.000000000000043
25.00000000000001,35.00000000000003,30.000000000000014
25.000000000000007,35.00000000000003,35.00000000000003
24.999999999999993,35.00000000000003,40.00000000000002
24.999999999999986,34.99999999999999,45.00000000000001
24.999999999999996,40.000000000000036,-9.999999999999982
25.00000000000003,40.00000000000006,-4.999999999999969
25.000000000000014,40.000000000000036,2.125358893025032e-14
25.000000000000014,40.00000000000003,5.000000000000024
24.999999999999993,40.00000000000002,10.000000000000005
24.999999999999993,40.000000000000014,14.999999999999996
25.000000000000025,40.000000000000036,20.00000000000003
24.999999999999993,40.00000000000002,25.00000000000001
25.000000000000014,40.00000000000002,30.000000000000014
24.999999999999993,40.00000000000002,35.00000000000003
25.0,40.00000000000002,40.00000000000002
25.000000000000007,40.00000000000002,45.00000000000001
24.999999999999993,45.00000000000002,-9.999999999999996
25.000000000000014,45.00000000000003,-4.999999999999985
25.000000000000007,45.00000000000003,5.650161845894012e-15
24.999999999999993,45.00000000000002,4.999999999999991
25.000000000000007,45.00000000000003,10.000000000000018
25.000000000000007,45.00000000000003,15.000000000000014
25.000000000000007,45.00000000000002,20.00000000000001
25.00000000000004,45.00000000000005,25.00000000000005
24.999999999999993,45.00000000000003,30.000000000000004
24.999999999999986,45.00000000000001,34.99999999999999
25.000000000000007,45.00000000000001,40.00000000000002
25.0,45.00000000000003,45.00000000000003
29.999999999999996,-9.999999999999957,-9.999999999999957
29.999999999999986,-9.99999999999999,-4.999999999999979
29.999999999999993,-9.999999999999988,1.4368623502141064e-14
30.00000000000001,-9.999999999999972,5.000000000000053
29.999999999999996,-9.99999999999999,10.000000000000023
29.999999999999993,-10.0,15.000000000000036
29.999999999999964,-10.000000000000007,20.000000000000018
29.99999999999998,-9.99999999999999,25.00000000000003
29.99999999999998,-10.0,30.000000000000004
29.999999999999993,-9.999999999999988,35.000000000000036
29.99999999999997,-10.000000000000004,40.00000000000002
29.999999999999993,-10.000000000000005,45.00000000000003
29.999999999999986,-4.999999999999979,-9.99999999999999
29.999999999999993,-4.999999999999966,-4.999999999999966
29.999999999999993,-4.9999999999999725,3.352678817166248e-14
29.99999999999998,-5.000000000000002,5.000000000000014
29.999999999999993,-4.999999999999986,10.00000000000002
29.99999999999998,-4.99999999999999,15.000000000000018
30.000000000000004,-4.999999999999976,20.000000000000046
29.999999999999964,-5.000000000000003,25.000000000000014
29.999999999999986,-4.999999999999983,30.000000000000014
29.999999999999993,-4.999999999999995,35.000000000000036
30.000000000000025,-4.999999999999962,40.00000000000004
30.000000000000004,-4.999999999999982,45.00000000000003
29.999999999999993,1.4368623502141064e-14,-9.999999999999988
29.999999999999993,3.352678817166248e-14,-4.9999999999999725
30.000000000000004,2.873724700428214e-14,2.873724700428214e-14
29.999999999999993,4.310587050642319e-14,5.000000000000037
30.00000000000001,5.2684952841183917e-14,10.000000000000055
29.999999999999986,3.3526788171662495e-14,15.000000000000037
29.999999999999993,1.5566008793986147e-14,20.00000000000003
29.999999999999993,1.676339408583124e-14,25.00000000000004
29.999999999999964,-2.1552935253211605e-14,29.999999999999993
29.99999999999997,-1.257254556437343e-14,35.000000000000014
29.99999999999998,-8.232023881434987e-16,40.0
30.000000000000025,4.340521682938447e-14,45.000000000000064
30.00000000000001,5.000000000000053,-9.999999999999972
29.99999999999998,5.000000000000014,-5.000000000000002
29.999999999999993,5.000000000000037,4.310587050642319e-14
30.000000000000004,5.000000000000045,5.000000000000045
29.999999999999993,5.000000000000031,10.000000000000028
29.999999999999964,5.0,14.999999999999993
29.999999999999993,5.000000000000029,20.000000000000036
29.99999999999998,4.9999999999999964,25.0
29.999999999999993,5.000000000000022,30.000000000000014
29.99999999999997,4.9999999999999964,35.000000000000014
29.999999999999996,5.000000000000023,40.00000000000003
29.99999999999996,4.999999999999987,45.00000000000001
29.999999999999996,10.000000000000023,-9.99999999999999
29.999999999999993,10.00000000000002,-4.999999999999986
30.00000000000001,10.000000000000055,5.2684952841183917e-14
29.999999999999993,10.000000000000028,5.000000000000031
29.99999999999998,10.000000000000009,10.000000000000009
29.99999999999996,9.999999999999993,15.000000000000005
29.999999999999964,10.0,20.000000000000007
29.999999999999986,10.000000000000005,25.000000000000014
30.000000000000004,10.000000000000016,30.00000000000001
29.999999999999993,10.000000000000005,35.00000000000003
29.999999999999986,10.00000000000001,40.00000000000003
29.999999999999993,10.00000000000002,45.00000000000003
29.999999999999993,15.000000000000036,-10.0
29.99999999999998,15.000000000000018,-4.99999999999999
29.999999999999986,15.000000000000037,3.3526788171662495e-14
29.999999999999964,14.999999999999993,5.0
29.99999999999996,15.000000000000005,9.999999999999993
29.999999999999993,15.000000000000036,15.000000000000036
29.999999999999993,15.00000000000003,20.000000000000036
30.000000000000004,15.000000000000028,25.00000000000004
29.999999999999993,15.000000000000036,30.00000000000003
29.999999999999964,14.999999999999993,34.999999999999986
29.999999999999993,15.000000000000021,40.000000000000036
29.999999999999993,15.000000000000028,45.00000000000003
29.999999999999964,20.000000000000018,-10.000000000000007
30.000000000000004,20.000000000000046,-4.999999999999976
29.999999999999993,20.00000000000003,1.5566008793986147e-14
29.999999999999993,20.000000000000036,5.000000000000029
29.999999999999964,20.000000000000007,10.0
29.999999999999993,20.000000000000036,15.00000000000003
29.999999999999993,20.000000000000014,20.000000000000014
30.00000000000001,20.00000000000003,25.00000000000003
30.000000000000014,20.00000000000004,30.000000000000025
30.000000000000004,20.000000000000036,35.00000000000003
29.999999999999986,20.00000000000001,40.000000000000014
29.999999999999986,19.999999999999986,45.00000000000001
29.99999999999998,25.00000000000003,-9.99999999999999
29.999999999999964,25.000000000000014,-5.000000000000003
29.999999999999993,25.00000000000004,1.676339408583124e-14
29.99999999999998,25.0,4.9999999999999964
29.999999999999986,25.000000000000014,10.000000000000005
30.000000000000004,25.00000000000004,15.000000000000028
30.00000000000001,25.00000000000003,20.00000000000003
29.999999999999993,25.000000000000014,25.000000000000014
29.99999999999998,25.00000000000001,29.999999999999993
30.000000000000014,25.00000000000003,35.00000000000003
29.999999999999996,25.000000000000032,40.00000000000002
30.00000000000003,25.00000000000004,45.00000000000006
29.99999999999998,30.000000000000004,-10.0
29.999999999999986,30.000000000000014,-4.999999999999983
29.999999999999964,29.999999999999993,-2.1552935253211605e-14
29.999999999999993,30.000000000000014,5.000000000000022
30.000000000000004,30.00000000000001,10.000000000000016
29.999999999999993,30.00000000000003,15.000000000000036
30.000000000000014,30.000000000000025,20.00000000000004
29.99999999999998,29.999999999999993,25.00000000000001
29.999999999999993,30.000000000000014,30.000000000000014
29.999999999999993,30.00000000000001,35.00000000000003
29.999999999999993,30.000000000000004,40.000000000000014
29.999999999999986,29.999999999999993,45.00000000000003
29.999999999999993,35.000000000000036,-9.999999999999988
29.999999999999993,35.000000000000036,-4.999999999999995
29.99999999999997,35.000000000000014,-1.257254556437343e-14
29.99999999999997,35.000000000000014,4.9999999999999964
29.999999999999993,35.00000000000003,10.000000000000005
29.999999999999964,34.999999999999986,14.999999999999993
30.000000000000004,35.00000000000003,20.000000000000036
30.000000000000014,35.00000000000003,25.00000000000003
29.999999999999993,35.00000000000003,30.00000000000001
29.999999999999996,35.000000000000014,35.000000000000014
29.999999999999993,35.000000000000014,40.000000000000014
29.999999999999993,35.000000000000036,45.00000000000003
29.99999999999997,40.00000000000002,-10.000000000000004
30.000000000000025,40.00000000000004,-4.999999999999962
29.99999999999998,40.0,-8.232023881434987e-16
29.999999999999996,40.00000000000003,5.000000000000023
29.999999999999986,40.00000000000003,10.00000000000001
29.999999999999993,40.000000000000036,15.000000000000021
29.999999999999986,40.000000000000014,20.00000000000001
29.999999999999996,40.00000000000002,25.000000000000032
29.999999999999993,40.000000000000014,30.000000000000004
29.999999999999993,40.000000000000014,35.000000000000014
30.00000000000001,40.00000000000003,40.00000000000003
29.999999999999986,40.00000000000001,45.00000000000001
29.999999999999993,45.00000000000003,-10.000000000000005
30.000000000000004,45.00000000000003,-4.999999999999982
30.000000000000025,45.000000000000064,4.340521682938447e-14
29.99999999999996,45.00000000000001,4.999999999999987
29.999999999999993,45.00000000000003,10.00000000000002
29.999999999999993,45.00000000000003,15.000000000000028
29.999999999999986,45.00000000000001,19.999999999999986
30.00000000000003,45.00000000000006,25.00000000000004
29.999999999999986,45.00000000000003,29.999999999999993
29.999999999999993,45.00000000000003,35.000000000000036
29.999999999999986,45.00000000000001,40.00000000000001
29.999999999999993,45.0,45.0
35.00000000000003,-9.999999999999938,-9.999999999999938
34.99999999999997,-10.000000000000005,-5.0
35.000000000000014,-9.999999999999948,5.2684952841183885e-14
35.000000000000014,-9.99999999999997,5.000000000000035
35.00000000000003,-9.999999999999938,10.00000000000007
35.000000000000014,-9.999999999999993,15.000000000000037
35.0,-9.999999999999986,20.00000000000004
34.99999999999999,-9.999999999999984,25.000000000000032
34.99999999999997,-10.000000000000023,30.000000000000004
34.99999999999999,-9.999999999999993,35.000000000000036
35.00000000000003,-9.999999999999961,40.00000000000006
34.999999999999986,-10.000000000000005,45.00000000000003
34.99999999999997,-5.0,-10.000000000000005
35.0,-4.9999999999999725,-4.9999999999999725
34.99999999999997,-4.999999999999997,7.184311751070532e-15
35.00000000000003,-4.999999999999957,5.000000000000062
34.99999999999997,-5.000000000000002,10.000000000000014
34.99999999999999,-4.999999999999977,15.000000000000028
35.0,-4.999999999999948,20.00000000000006
35.000000000000014,-4.999999999999954,25.000000000000057
35.00000000000003,-4.999999999999954,30.000000000000057
35.000000000000014,-4.999999999999984,35.000000000000036
35.000000000000014,-4.999999999999973,40.00000000000004
35.000000000000014,-4.99999999999999,45.00000000000002
35.000000000000014,5.2684952841183885e-14,-9.999999999999948
34.99999999999997,7.184311751070532e-15,-4.999999999999997
35.00000000000003,6.705357634332494e-14,6.705357634332494e-14
34.99999999999997,-0.0,5.000000000000004
35.000000000000036,5.747449400856426e-14,10.00000000000006
35.0,1.0776467626605798e-14,15.000000000000018
35.0,2.6342476420591958e-14,20.000000000000036
34.99999999999999,3.592155875535266e-15,25.000000000000014
34.99999999999997,2.9934632296127215e-15,29.999999999999993
34.99999999999997,-2.3124503448758275e-14,35.0
34.99999999999997,-8.082350719954349e-15,40.00000000000002
34.99999999999999,1.1973852918450886e-15,45.00000000000001
35.000000000000014,5.000000000000035,-9.99999999999997
35.00000000000003,5.000000000000062,-4.999999999999957
34.99999999999997,5.000000000000004,-0.0
35.000000000000014,5.00000000000004,5.00000000000004
34.99999999999998,5.0000000000000195,10.00000000000003
34.99999999999997,5.000000000000004,15.000000000000007
34.99999999999999,5.000000000000033,20.00000000000002
35.00000000000003,5.00000000000005,25.00000000000005
35.00000000000003,5.000000000000034,30.000000000000014
34.99999999999999,5.000000000000016,35.000000000000036
34.99999999999999,5.000000000000015,40.000000000000014
35.0,5.0000000000000195,45.00000000000003
35.00000000000003,10.00000000000007,-9.999999999999938
34.99999999999997,10.000000000000014,-5.000000000000002
35.000000000000036,10.00000000000006,5.747449400856426e-14
34.99999999999998,10.00000000000003,5.0000000000000195
35.00000000000003,10.000000000000043,10.000000000000043
34.99999999999999,10.000000000000023,15.000000000000018
34.99999999999999,10.00000000000002,20.000000000000032
35.0,10.000000000000012,25.000000000000032
34.99999999999999,10.000000000000014,30.000000000000004
35.000000000000014,10.000000000000023,35.00000000000003
34.99999999999999,10.000000000000014,40.00000000000002
34.999999999999964,9.999999999999995,45.0
35.000000000000014,15.000000000000037,-9.999999999999993
34.99999999999999,15.000000000000028,-4.999999999999977
35.0,15.000000000000018,1.0776467626605798e-14
34.99999999999997,15.000000000000007,5.000000000000004
34.99999999999999,15.000000000000018,10.000000000000023
35.0,15.000000000000023,15.000000000000023
34.99999999999999,15.000000000000023,20.00000000000001
34.99999999999999,15.000000000000012,25.00000000000001
34.99999999999999,15.000000000000014,30.000000000000004
35.00000000000003,15.000000000000037,35.00000000000004
35.000000000000014,15.000000000000037,40.000000000000036
34.99999999999999,15.000000000000002,45.00000000000002
35.0,20.00000000000004,-9.999999999999986
35.0,20.00000000000006,-4.999999999999948
35.0,20.000000000000036,2.6342476420591958e-14
34.99999999999999,20.00000000000002,5.000000000000033
34.99999999999999,20.000000000000032,10.00000000000002
34.99999999999999,20.00000000000001,15.000000000000023
34.99999999999999,20.00000000000001,20.00000000000001
34.99999999999999,20.00000000000003,25.00000000000003
35.0,20.00000000000002,30.00000000000003
35.000000000000014,20.000000000000025,35.00000000000003
34.99999999999998,19.999999999999993,40.00000000000001
35.0,20.000000000000018,45.00000000000002
34.99999999999999,25.000000000000032,-9.999999999999984
35.000000000000014,25.000000000000057,-4.999999999999954
34.99999999999999,25.000000000000014,3.592155875535266e-15
35.00000000000003,25.00000000000005,5.00000000000005
35.0,25.000000000000032,10.000000000000012
34.99999999999999,25.00000000000001,15.000000000000012
34.99999999999999,25.00000000000003,20.00000000000003
35.0,25.000000000000014,25.000000000000014
35.000000000000014,25.00000000000004,30.000000000000014
35.000000000000014,25.000000000000025,35.00000000000003
35.000000000000014,25.00000000000004,40.000000000000036
34.99999999999997,24.999999999999993,45.00000000000002
34.99999999999997,30.000000000000004,-10.000000000000023
35.00000000000003,30.000000000000057,-4.999999999999954
34.99999999999997,29.999999999999993,2.9934632296127215e-15
35.00000000000003,30.000000000000014,5.000000000000034
34.99999999999999,30.000000000000004,10.000000000000014
34.99999999999999,30.000000000000004,15.000000000000014
35.0,30.00000000000003,20.00000000000002
35.000000000000014,30.000000000000014,25.00000000000004
35.000000000000014,30.000000000000014,30.000000000000014
34.99999999999999,30.000000000000004,35.000000000000014
34.99999999999999,29.999999999999996,40.000000000000014
35.00000000000003,30.000000000000014,45.00000000000003
34.99999999999999,35.000000000000036,-9.999999999999993
35.000000000000014,35.000000000000036,-4.999999999999984
34.99999999999997,35.0,-2.3124503448758275e-14
34.99999999999999,35.000000000000036,5.000000000000016
35.000000000000014,35.00000000000003,10.000000000000023
35.00000000000003,35.00000000000004,15.000000000000037
35.000000000000014,35.00000000000003,20.000000000000025
35.000000000000014,35.00000000000003,25.000000000000025
34.99999999999999,35.000000000000014,30.000000000000004
34.99999999999998,34.99999999999999,34.99999999999999
34.99999999999999,35.000000000000014,40.00000000000003
35.000000000000014,35.00000000000003,45.00000000000003
35.00000000000003,40.00000000000006,-9.999999999999961
35.000000000000014,40.00000000000004,-4.999999999999973
34.99999999999997,40.00000000000002,-8.082350719954349e-15
34.99999999999999,40.000000000000014,5.000000000000015
34.99999999999999,40.00000000000002,10.000000000000014
35.000000000000014,40.000000000000036,15.000000000000037
34.99999999999998,40.00000000000001,19.999999999999993
35.000000000000014,40.000000000000036,25.00000000000004
34.99999999999999,40.000000000000014,29.999999999999996
34.99999999999999,40.00000000000003,35.000000000000014
34.99999999999999,40.000000000000014,40.000000000000014
34.99999999999999,39.99999999999999,45.00000000000001
34.999999999999986,45.00000000000003,-10.000000000000005
35.000000000000014,45.00000000000002,-4.99999999999999
34.99999999999999,45.00000000000001,1.1973852918450886e-15
35.0,45.00000000000003,5.0000000000000195
34.999999999999964,45.0,9.999999999999995
34.99999999999999,45.00000000000002,15.000000000000002
35.0,45.00000000000002,20.000000000000018
34.99999999999997,45.00000000000002,24.999999999999993
35.00000000000003,45.00000000000003,30.000000000000014
35.000000000000014,45.00000000000003,35.00000000000003
34.99999999999999,45.00000000000001,39.99999999999999
34.999999999999986,45.00000000000001,45.00000000000001
39.999999999999986,-9.999999999999995,-9.999999999999995
39.99999999999997,-9.999999999999998,-4.999999999999984
39.99999999999999,-9.99999999999998,3.352678817166248e-14
39.999999999999986,-9.999999999999995,5.000000000000034
39.99999999999997,-10.000000000000004,10.000000000000014
40.00000000000002,-9.999999999999966,15.00000000000006
39.999999999999986,-9.999999999999996,20.000000000000032
40.00000000000001,-9.999999999999982,25.00000000000004
40.0,-10.000000000000009,30.000000000000004
40.00000000000002,-9.999999999999961,35.00000000000005
39.99999999999998,-10.000000000000005,40.00000000000002
39.99999999999997,-10.000000000000007,45.0
39.99999999999997,-4.999999999999984,-9.999999999999998
40.000000000000014,-4.999999999999962,-4.999999999999962
40.0,-4.9999999999999645,3.1132017587972306e-14
39.99999999999997,-5.0,5.000000000000014
39.99999999999999,-4.999999999999977,10.000000000000023
40.00000000000001,-4.999999999999979,15.000000000000036
39.99999999999997,-5.000000000000015,20.00000000000001
40.000000000000014,-4.999999999999952,25.000000000000057
40.000000000000014,-4.999999999999962,30.000000000000036
39.99999999999999,-4.999999999999992,35.00000000000003
40.00000000000001,-4.9999999999999885,40.00000000000003
40.00000000000002,-4.999999999999977,45.000000000000036
39.99999999999999,3.352678817166248e-14,-9.99999999999998
40.0,3.1132017587972306e-14,-4.9999999999999645
40.00000000000001,1.4368623502141064e-14,1.4368623502141064e-14
39.99999999999996,-0.0,5.0
40.000000000000014,3.831632933904285e-14,10.000000000000036
40.00000000000003,5.1487567549338816e-14,15.000000000000071
39.99999999999999,1.2572545564373437e-14,20.000000000000025
39.99999999999998,-9.878428657721983e-15,25.000000000000014
40.00000000000001,1.7062740408792518e-14,30.000000000000014
40.000000000000014,2.963528597316595e-14,35.00000000000004
40.00000000000001,1.017777498068325e-14,40.00000000000003
39.99999999999999,1.1973852918450886e-15,45.00000000000001
39.999999999999986,5.000000000000034,-9.999999999999995
39.99999999999997,5.000000000000014,-5.0
39.99999999999996,5.0,-0.0
40.000000000000014,5.000000000000053,5.000000000000053
39.99999999999999,5.000000000000039,10.000000000000028
40.00000000000002,5.000000000000047,15.00000000000007
39.999999999999986,5.000000000000012,20.000000000000025
39.99999999999999,5.000000000000032,25.000000000000043
40.00000000000002,5.000000000000057,30.000000000000046
40.0,5.000000000000015,35.00000000000003
39.999999999999986,4.999999999999999,40.000000000000014
39.99999999999999,4.999999999999995,45.00000000000003
39.99999999999997,10.000000000000014,-10.000000000000004
39.99999999999999,10.000000000000023,-4.999999999999977
40.000000000000014,10.000000000000036,3.831632933904285e-14
39.99999999999999,10.000000000000028,5.000000000000039
39.99999999999998,10.000000000000014,10.000000000000014
39.99999999999999,10.00000000000001,15.000000000000018
39.99999999999998,10.00000000000002,20.000000000000032
40.0,10.000000000000016,25.000000000000025
40.00000000000001,10.00000000000002,30.000000000000014
40.0,10.000000000000023,35.00000000000003
39.99999999999997,10.0,40.000000000000014
40.0,10.000000000000018,45.000000000000036
40.00000000000002,15.00000000000006,-9.999999999999966
40.00000000000001,15.000000000000036,-4.999999999999979
40.00000000000003,15.000000000000071,5.1487567549338816e-14
40.00000000000002,15.00000000000007,5.000000000000047
39.99999999999999,15.000000000000018,10.00000000000001
40.000000000000014,15.00000000000003,15.00000000000003
40.000000000000014,15.000000000000036,20.000000000000036
40.000000000000014,15.000000000000037,25.000000000000043
39.999999999999986,15.000000000000007,30.000000000000004
40.000000000000014,15.000000000000036,35.000000000000036
39.99999999999999,14.999999999999996,40.000000000000014
40.000000000000014,15.000000000000028,45.00000000000003
39.999999999999986,20.000000000000032,-9.999999999999996
39.99999999999997,20.00000000000001,-5.000000000000015
39.99999999999999,20.000000000000025,1.2572545564373437e-14
39.999999999999986,20.000000000000025,5.000000000000012
39.99999999999998,20.000000000000032,10.00000000000002
40.000000000000014,20.000000000000036,15.000000000000036
39.99999999999997,20.000000000000007,20.000000000000007
40.00000000000002,20.000000000000046,25.000000000000046
39.999999999999986,20.000000000000014,29.999999999999996
40.00000000000002,20.000000000000036,35.00000000000004
40.000000000000014,20.000000000000018,40.000000000000036
39.99999999999997,20.000000000000007,45.00000000000001
40.00000000000001,25.00000000000004,-9.999999999999982
40.000000000000014,25.000000000000057,-4.999999999999952
39.99999999999998,25.000000000000014,-9.878428657721983e-15
39.99999999999999,25.000000000000043,5.000000000000032
40.0,25.000000000000025,10.000000000000016
40.000000000000014,25.000000000000043,15.000000000000037
40.00000000000002,25.000000000000046,20.000000000000046
39.99999999999998,25.000000000000014,25.000000000000014
40.00000000000001,25.000000000000025,30.000000000000014
40.00000000000002,25.00000000000004,35.000000000000036
39.99999999999999,25.000000000000014,40.000000000000014
39.999999999999986,25.00000000000001,45.00000000000001
40.0,30.000000000000004,-10.000000000000009
40.000000000000014,30.000000000000036,-4.999999999999962
40.00000000000001,30.000000000000014,1.7062740408792518e-14
40.00000000000002,30.000000000000046,5.000000000000057
40.00000000000001,30.000000000000014,10.00000000000002
39.999999999999986,30.000000000000004,15.000000000000007
39.999999999999986,29.999999999999996,20.000000000000014
40.00000000000001,30.000000000000014,25.000000000000025
39.99999999999999,30.000000000000014,30.000000000000014
39.99999999999998,30.000000000000004,35.0
40.00000000000003,30.000000000000014,40.000000000000036
39.99999999999999,29.999999999999996,45.00000000000002
40.00000000000002,35.00000000000005,-9.999999999999961
39.99999999999999,35.00000000000003,-4.999999999999992
40.000000000000014,35.00000000000004,2.963528597316595e-14
40.0,35.00000000000003,5.000000000000015
40.0,35.00000000000003,10.000000000000023
40.000000000000014,35.000000000000036,15.000000000000036
40.00000000000002,35.00000000000004,20.000000000000036
40.00000000000002,35.000000000000036,25.00000000000004
39.99999999999998,35.0,30.000000000000004
40.00000000000001,35.000000000000014,35.000000000000014
39.99999999999998,35.0,40.000000000000014
39.99999999999998,35.0,45.00000000000001
39.99999999999998,40.00000000000002,-10.000000000000005
40.00000000000001,40.00000000000003,-4.9999999999999885
40.00000000000001,40.00000000000003,1.017777498068325e-14
39.999999999999986,40.000000000000014,4.999999999999999
39.99999999999997,40.000000000000014,10.0
39.99999999999999,40.000000000000014,14.999999999999996
40.000000000000014,40.000000000000036,20.000000000000018
39.99999999999999,40.000000000000014,25.000000000000014
40.00000000000003,40.000000000000036,30.000000000000014
39.99999999999998,40.000000000000014,35.0
39.999999999999986,40.000000000000014,40.000000000000014
39.99999999999999,40.000000000000014,45.00000000000001
39.99999999999997,45.0,-10.000000000000007
40.00000000000002,45.000000000000036,-4.999999999999977
39.99999999999999,45.00000000000001,1.1973852918450886e-15
39.99999999999999,45.00000000000003,4.999999999999995
40.0,45.000000000000036,10.000000000000018
40.000000000000014,45.00000000000003,15.000000000000028
39.99999999999997,45.00000000000001,20.000000000000007
39.999999999999986,45.00000000000001,25.00000000000001
39.99999999999999,45.00000000000002,29.999999999999996
39.99999999999998,45.00000000000001,35.0
39.99999999999999,45.00000000000001,40.000000000000014
39.99999999999998,45.0,45.0
44.99999999999999,-9.999999999999964,-9.999999999999964
45.00000000000003,-9.999999999999936,-4.999999999999935
45.00000000000001,-9.999999999999972,4.3105870506423184e-14
45.00000000000003,-9.999999999999954,5.000000000000062
45.00000000000001,-9.999999999999968,10.000000000000044
44.999999999999986,-9.999999999999988,15.00000000000003
44.99999999999999,-9.999999999999968,20.00000000000004
45.00000000000003,-9.99999999999995,25.000000000000057
45.00000000000001,-9.999999999999961,30.00000000000003
44.99999999999999,-9.999999999999996,35.000000000000014
44.999999999999986,-10.000000000000002,40.00000000000002
45.0,-9.999999999999984,45.000000000000036
45.00000000000003,-4.999999999999935,-9.999999999999936
45.00000000000001,-4.999999999999951,-4.999999999999951
45.00000000000001,-4.999999999999955,2.6342476420591952e-14
44.99999999999999,-4.999999999999959,5.000000000000038
45.00000000000002,-4.999999999999946,10.000000000000055
45.0,-4.999999999999979,15.000000000000037
44.999999999999964,-4.999999999999991,20.00000000000001
45.00000000000002,-4.999999999999976,25.000000000000043
45.00000000000001,-4.999999999999966,30.00000000000003
45.00000000000001,-4.999999999999979,35.000000000000036
45.0,-4.999999999999977,40.00000000000003
44.999999999999986,-4.999999999999993,45.00000000000003
45.00000000000001,4.3105870506423184e-14,-9.999999999999972
45.00000000000001,2.6342476420591952e-14,-4.999999999999955
44.99999999999999,2.873724700428213e-14,2.873724700428213e-14
44.99999999999999,4.789541167380356e-15,5.00000000000001
44.99999999999999,1.5566008793986153e-14,10.000000000000023
45.0,9.579082334760706e-15,15.00000000000003
45.00000000000001,2.843790068132086e-14,20.00000000000005
44.999999999999964,-9.391990882909913e-15,25.0
45.00000000000003,3.3826134494623753e-14,30.000000000000046
44.999999999999986,1.1973852918450886e-15,35.000000000000014
45.0,1.1973852918450886e-15,40.00000000000002
45.00000000000002,1.1973852918450886e-14,45.00000000000005
45.00000000000003,5.000000000000062,-9.999999999999954
44.99999999999999,5.000000000000038,-4.999999999999959
44.99999999999999,5.00000000000001,4.789541167380356e-15
44.99999999999999,5.000000000000033,5.000000000000033
45.00000000000001,5.000000000000053,10.000000000000043
45.00000000000001,5.000000000000037,15.000000000000046
45.00000000000001,5.000000000000026,20.00000000000004
45.00000000000001,5.000000000000035,25.000000000000057
45.00000000000002,5.00000000000003,30.00000000000003
45.00000000000001,5.0000000000000115,35.000000000000036
44.999999999999986,4.999999999999995,40.000000000000014
45.0,5.00000000000001,45.00000000000003
45.00000000000001,10.000000000000044,-9.999999999999968
45.00000000000002,10.000000000000055,-4.999999999999946
44.99999999999999,10.000000000000023,1.5566008793986153e-14
45.00000000000001,10.000000000000043,5.000000000000053
45.00000000000001,10.000000000000023,10.000000000000023
44.99999999999999,10.00000000000002,15.000000000000037
44.999999999999986,10.000000000000005,20.000000000000018
45.0,10.000000000000018,25.000000000000025
45.00000000000001,10.000000000000023,30.00000000000003
44.999999999999986,9.999999999999995,35.000000000000014
45.00000000000001,10.000000000000005,40.000000000000036
44.999999999999986,9.999999999999995,45.00000000000002
44.999999999999986,15.00000000000003,-9.999999999999988
45.0,15.000000000000037,-4.999999999999979
45.0,15.00000000000003,9.579082334760706e-15
45.00000000000001,15.000000000000046,5.000000000000037
44.99999999999999,15.000000000000037,10.00000000000002
45.0,15.000000000000036,15.000000000000036
45.00000000000001,15.000000000000037,20.00000000000004
44.99999999999999,15.000000000000018,25.00000000000003
45.00000000000001,15.000000000000023,30.000000000000025
44.99999999999999,15.000000000000014,35.000000000000014
44.999999999999964,14.999999999999993,40.00000000000001
45.00000000000001,15.000000000000018,45.00000000000001
44.99999999999999,20.00000000000004,-9.999999999999968
44.999999999999964,20.00000000000001,-4.999999999999991
45.00000000000001,20.00000000000005,2.843790068132086e-14
45.00000000000001,20.00000000000004,5.000000000000026
44.999999999999986,20.000000000000018,10.000000000000005
45.00000000000001,20.00000000000004,15.000000000000037
44.99999999999999,20.00000000000003,20.00000000000003
45.0,20.000000000000014,25.000000000000025
45.00000000000003,20.000000000000046,30.000000000000046
45.0,20.00000000000001,35.00000000000003
45.00000000000003,20.00000000000004,40.00000000000005
45.0,20.000000000000018,45.00000000000003
45.00000000000003,25.000000000000057,-9.99999999999995
45.00000000000002,25.000000000000043,-4.999999999999976
44.999999999999964,25.0,-9.391990882909913e-15
45.00000000000001,25.000000000000057,5.000000000000035
45.0,25.000000000000025,10.000000000000018
44.99999999999999,25.00000000000003,15.000000000000018
45.0,25.000000000000025,20.000000000000014
44.99999999999997,24.999999999999993,24.999999999999993
45.00000000000003,25.00000000000005,30.000000000000043
44.999999999999986,24.999999999999993,34.999999999999986
44.999999999999986,25.000000000000014,40.000000000000014
45.00000000000003,25.00000000000004,45.000000000000064
45.00000000000001,30.00000000000003,-9.999999999999961
45.00000000000001,30.00000000000003,-4.999999999999966
45.00000000000003,30.000000000000046,3.3826134494623753e-14
45.00000000000002,30.00000000000003,5.00000000000003
45.00000000000001,30.00000000000003,10.000000000000023
45.00000000000001,30.000000000000025,15.000000000000023
45.00000000000003,30.000000000000046,20.000000000000046
45.00000000000003,30.000000000000043,25.00000000000005
45.0,30.000000000000004,30.000000000000004
45.00000000000001,30.00000000000003,35.00000000000004
45.0,29.999999999999996,40.00000000000002
45.0,30.000000000000004,45.00000000000001
44.99999999999999,35.000000000000014,-9.999999999999996
45.00000000000001,35.000000000000036,-4.999999999999979
44.999999999999986,35.000000000000014,1.1973852918450886e-15
45.00000000000001,35.000000000000036,5.0000000000000115
44.999999999999986,35.000000000000014,9.999999999999995
44.99999999999999,35.000000000000014,15.000000000000014
45.0,35.00000000000003,20.00000000000001
44.999999999999986,34.999999999999986,24.999999999999993
45.00000000000001,35.00000000000004,30.00000000000003
44.999999999999986,35.0,35.0
44.99999999999999,35.0,40.00000000000001
45.00000000000003,35.000000000000036,45.00000000000006
44.999999999999986,40.00000000000002,-10.000000000000002
45.0,40.00000000000003,-4.999999999999977
45.0,40.00000000000002,1.1973852918450886e-15
44.999999999999986,40.000000000000014,4.999999999999995
45.00000000000001,40.000000000000036,10.000000000000005
44.999999999999964,40.00000000000001,14.999999999999993
45.00000000000003,40.00000000000005,20.00000000000004
44.999999999999986,40.000000000000014,25.000000000000014
45.0,40.00000000000002,29.999999999999996
44.99999999999999,40.00000000000001,35.0
44.999999999999986,40.000000000000014,40.000000000000014
44.99999999999999,40.000000000000014,45.00000000000002
45.0,45.000000000000036,-9.999999999999984
44.999999999999986,45.00000000000003,-4.999999999999993
45.00000000000002,45.00000000000005,1.1973852918450886e-14
45.0,45.00000000000003,5.00000000000001
44.999999999999986,45.00000000000002,9.999999999999995
45.00000000000001,45.00000000000001,15.000000000000018
45.0,45.00000000000003,20.000000000000018
45.00000000000003,45.000000000000064,25.00000000000004
45.0,45.00000000000001,30.000000000000004
45.00000000000003,45.00000000000006,35.000000000000036
44.99999999999999,45.00000000000002,40.000000000000014
45.0,45.00000000000001,45.00000000000001
